player_id,web_name,first_name,second_name,team,team_name,position,now_cost,minutes,goals_scored,assists,clean_sheets,goals_conceded,saves,bps,influence,creativity,threat,ict_index,form,points_per_game,total_points,predicted_points
1,Raya,David,Raya Martín,1,ARS,GK,59,1170,0,0,7,7,20,228,186.4,10.2,0.0,19.7,3.0,4.5,58,2.2575898
2,Arrizabalaga,Kepa,Arrizabalaga Revuelta,1,ARS,GK,42,0,0,0,0,0,0,0,0.0,0.0,0.0,0.0,0.0,0.0,0,0.0001572778
3,Hein,Karl,Hein,1,ARS,GK,40,0,0,0,0,0,0,0,0.0,0.0,0.0,0.0,0.0,0.0,0,0.0001572778
4,Setford,Tommy,Setford,1,ARS,GK,39,0,0,0,0,0,0,0,0.0,0.0,0.0,0.0,0.0,0.0,0,0.0001572778
32,Martinez,Emiliano,Martínez Romero,2,AVL,GK,50,990,0,0,4,8,27,203,239.0,3.0,0.0,24.1,6.2,4.5,50,2.2575898
33,M.Bizot,Marco,Bizot,2,AVL,GK,43,180,0,0,1,3,4,22,25.4,0.0,0.0,2.6,0.0,3.5,7,0.5787478
34,Gauci,Joe,Gauci,2,AVL,GK,40,0,0,0,0,0,0,0,0.0,0.0,0.0,0.0,0.0,0.0,0,0.0001572778
35,Marschall,Filip,Marschall,2,AVL,GK,40,0,0,0,0,0,0,0,0.0,0.0,0.0,0.0,0.0,0.0,0,0.0001572778
688,Wright,James,Wright,2,AVL,GK,39,0,0,0,0,0,0,0,0.0,0.0,0.0,0.0,0.0,0.0,0,0.0001572778
703,Proctor,Sam,Proctor,2,AVL,GK,40,0,0,0,0,0,0,0,0.0,0.0,0.0,0.0,0.0,0.0,0,0.0001572778
183,Weiss,Max,Weiß,3,BUR,GK,43,0,0,0,0,0,0,0,0.0,0.0,0.0,0.0,0.0,0.0,0,0.0001572778
184,Green,Etienne,Green,3,BUR,GK,40,0,0,0,0,0,0,0,0.0,0.0,0.0,0.0,0.0,0.0,0,0.0001572778
185,Hladký,Václav,Hladký,3,BUR,GK,39,0,0,0,0,0,0,0,0.0,0.0,0.0,0.0,0.0,0.0,0,0.0001572778
470,Dúbravka,Martin,Dúbravka,3,BUR,GK,40,1170,0,0,2,27,50,169,376.8,0.0,0.0,37.8,1.8,2.9,38,2.2575898
66,Neto,Norberto,Murara Neto,4,BOU,GK,45,0,0,0,0,0,0,0,0.0,0.0,0.0,0.0,0.0,0.0,0,0.0001572778
67,Petrović,Đorđe,Petrović,4,BOU,GK,45,1170,0,0,4,23,38,168,301.2,0.0,0.0,30.2,1.5,3.3,43,2.2575898
68,Dennis,Will,Dennis,4,BOU,GK,40,0,0,0,0,0,0,0,0.0,0.0,0.0,0.0,0.0,0.0,0,0.0001572778
69,McKenna,Callan,McKenna,4,BOU,GK,40,0,0,0,0,0,0,0,0.0,0.0,0.0,0.0,0.0,0.0,0,0.0001572778
70,Paulsen,Alex,Paulsen,4,BOU,GK,40,0,0,0,0,0,0,0,0.0,0.0,0.0,0.0,0.0,0.0,0,0.0001572778
101,Kelleher,Caoimhín,Kelleher,5,BRE,GK,45,1170,0,0,2,20,29,145,246.0,10.0,0.0,25.7,1.8,2.8,36,2.2575898
102,Balcombe,Ellery,Balcombe,5,BRE,GK,40,0,0,0,0,0,0,0,0.0,0.0,0.0,0.0,0.0,0.0,0,0.0001572778
103,Cox,Matthew,Cox,5,BRE,GK,40,0,0,0,0,0,0,0,0.0,0.0,0.0,0.0,0.0,0.0,0,0.0001572778
104,Eyestone,Julian,Eyestone,5,BRE,GK,39,0,0,0,0,0,0,0,0.0,0.0,0.0,0.0,0.0,0.0,0,0.0001572778
105,Valdimarsson,Hákon Rafn,Valdimarsson,5,BRE,GK,39,0,0,0,0,0,0,0,0.0,0.0,0.0,0.0,0.0,0.0,0,0.0001572778
138,Steele,Jason,Steele,6,BHA,GK,43,0,0,0,0,0,0,0,0.0,0.0,0.0,0.0,0.0,0.0,0,0.0001572778
139,Verbruggen,Bart,Verbruggen,6,BHA,GK,44,1170,0,0,3,16,31,202,296.8,10.0,0.0,30.6,6.5,3.1,40,2.2575898
140,McGill,Tom,McGill,6,BHA,GK,40,0,0,0,0,0,0,0,0.0,0.0,0.0,0.0,0.0,0.0,0,0.0001572778
141,Rushworth,Carl,Rushworth,6,BHA,GK,40,0,0,0,0,0,0,0,0.0,0.0,0.0,0.0,0.0,0.0,0,0.0001572778
142,Scherpen,Kjell,Scherpen,6,BHA,GK,40,0,0,0,0,0,0,0,0.0,0.0,0.0,0.0,0.0,0.0,0,0.0001572778
220,Sánchez,Robert,Lynch Sánchez,7,CHE,GK,48,1084,0,0,6,12,23,187,197.2,30.0,0.0,22.6,5.2,3.5,46,2.2575898
221,Jörgensen,Filip,Jörgensen,7,CHE,GK,43,84,0,0,0,2,1,4,9.4,0.0,0.0,0.9,0.0,1.0,1,0.010697394
222,Penders,Mike,Penders,7,CHE,GK,40,0,0,0,0,0,0,0,0.0,0.0,0.0,0.0,0.0,0.0,0,0.0001572778
223,Slonina,Gabriel,Słonina,7,CHE,GK,39,0,0,0,0,0,0,0,0.0,0.0,0.0,0.0,0.0,0.0,0,0.0001572778
253,Henderson,Dean,Henderson,8,CRY,GK,50,1170,0,0,6,11,30,232,251.8,10.0,0.0,25.9,5.8,4.1,53,2.2575898
254,Benitez,Walter,Benítez,8,CRY,GK,40,0,0,0,0,0,0,0,0.0,0.0,0.0,0.0,0.0,0.0,0,0.0001572778
255,Matthews,Remi,Matthews,8,CRY,GK,39,0,0,0,0,0,0,0,0.0,0.0,0.0,0.0,0.0,0.0,0,0.0001572778
287,Pickford,Jordan,Pickford,9,EVE,GK,55,1170,0,0,4,17,38,206,343.0,0.1,0.0,34.2,5.0,4.1,53,2.2575898
288,Travers,Mark,Travers,9,EVE,GK,44,0,0,0,0,0,0,0,0.0,0.0,0.0,0.0,0.0,0.0,0,0.0001572778
289,Tyrer,Harry,Tyrer,9,EVE,GK,39,0,0,0,0,0,0,0,0.0,0.0,0.0,0.0,0.0,0.0,0,0.0001572778
630,King,Tom,King,9,EVE,GK,39,0,0,0,0,0,0,0,0.0,0.0,0.0,0.0,0.0,0.0,0,0.0001572778
314,Leno,Bernd,Leno,10,FUL,GK,50,1170,0,0,3,17,35,176,288.6,0.0,0.0,28.8,3.8,3.1,40,2.2575898
315,Benda,Steven,Benda,10,FUL,GK,40,0,0,0,0,0,0,0,0.0,0.0,0.0,0.0,0.0,0.0,0,0.0001572778
664,Lecomte,Benjamin,Lecomte,10,FUL,GK,39,0,0,0,0,0,0,0,0.0,0.0,0.0,0.0,0.0,0.0,0,0.0001572778
339,Meslier,Illan,Meslier,11,LEE,GK,42,0,0,0,0,0,0,0,0.0,0.0,0.0,0.0,0.0,0.0,0,0.0001572778
340,Cairns,Alex,Cairns,11,LEE,GK,39,0,0,0,0,0,0,0,0.0,0.0,0.0,0.0,0.0,0.0,0,0.0001572778
341,Darlow,Karl,Darlow,11,LEE,GK,40,450,0,0,0,8,13,55,105.0,0.0,0.0,10.5,0.0,2.0,10,2.2575898
665,Perri,Lucas Estella,Perri,11,LEE,GK,45,720,0,0,2,17,20,74,173.4,0.0,0.0,17.3,2.0,2.6,21,2.2575898
366,A.Becker,Alisson,Becker,12,LIV,GK,54,720,0,0,3,10,13,121,135.6,0.1,0.0,13.5,2.0,3.5,28,2.2575898
367,Mamardashvili,Giorgi,Mamardashvili,12,LIV,GK,43,450,0,0,1,10,17,70,140.0,0.0,0.0,13.9,3.5,3.8,19,2.2575898
368,Pécsi,Ármin,Pécsi,12,LIV,GK,39,0,0,0,0,0,0,0,0.0,0.0,0.0,0.0,0.0,0.0,0,0.0001572778
369,Woodman,Freddie,Woodman,12,LIV,GK,39,0,0,0,0,0,0,0,0.0,0.0,0.0,0.0,0.0,0.0,0,0.0001572778
182,Trafford,James,Trafford,13,MCI,GK,46,270,0,0,1,4,11,62,100.2,0.0,0.0,10.1,0.0,3.7,11,2.2020876
399,Ederson M.,Ederson,Santana de Moraes,13,MCI,GK,53,0,0,0,0,0,0,0,0.0,0.0,0.0,0.0,0.0,0.0,0,0.0001572778
400,Ortega Moreno,Stefan,Ortega Moreno,13,MCI,GK,48,0,0,0,0,0,0,0,0.0,0.0,0.0,0.0,0.0,0.0,0,0.0001572778
401,Bettinelli,Marcus,Bettinelli,13,MCI,GK,40,0,0,0,0,0,0,0,0.0,0.0,0.0,0.0,0.0,0.0,0,0.0001572778
736,Donnarumma,Gianluigi,Donnarumma,13,MCI,GK,57,900,0,0,4,8,19,144,152.6,0.0,0.0,15.4,3.5,3.7,37,2.2575898
431,Bayindir,Altay,Bayındır,14,MUN,GK,48,540,0,0,0,11,13,49,118.4,10.0,0.0,12.8,0.0,1.8,11,2.2575898
432,Onana,André,Onana,14,MUN,GK,49,0,0,0,0,0,0,0,0.0,0.0,0.0,0.0,0.0,0.0,0,0.0001572778
433,Harrison,Elyh,Harrison,14,MUN,GK,40,0,0,0,0,0,0,0,0.0,0.0,0.0,0.0,0.0,0.0,0,0.0001572778
434,Heaton,Tom,Heaton,14,MUN,GK,39,0,0,0,0,0,0,0,0.0,0.0,0.0,0.0,0.0,0.0,0,0.0001572778
435,Mee,Dermot,Mee,14,MUN,GK,39,0,0,0,0,0,0,0,0.0,0.0,0.0,0.0,0.0,0.0,0,0.0001572778
733,Lammens,Senne,Lammens,14,MUN,GK,50,630,0,0,1,9,16,79,138.2,0.0,2.0,14.0,1.5,2.9,20,2.2575898
469,Pope,Nick,Pope,15,NEW,GK,52,1066,0,1,5,13,39,233,311.2,0.0,0.0,31.1,2.2,4.6,55,2.2575898
471,Gillespie,Mark,Gillespie,15,NEW,GK,39,0,0,0,0,0,0,0,0.0,0.0,0.0,0.0,0.0,0.0,0,0.0001572778
472,Odysseas,Odysseas,Vlachodimos,15,NEW,GK,40,0,0,0,0,0,0,0,0.0,0.0,0.0,0.0,0.0,0.0,0,0.0001572778
674,Ramsdale,Aaron,Ramsdale,15,NEW,GK,48,103,0,0,0,3,2,3,16.6,0.0,0.0,1.7,0.5,1.0,2,0.000759696
753,Ruddy,John,Ruddy,15,NEW,GK,40,0,0,0,0,0,0,0,0.0,0.0,0.0,0.0,0.0,0.0,0,0.0001572778
502,Sels,Matz,Sels,16,NFO,GK,47,1170,0,0,1,22,43,141,321.0,10.0,0.0,33.2,3.2,2.5,32,2.2575898
503,C.Miguel,Carlos Miguel,dos Santos Pereira,16,NFO,GK,40,0,0,0,0,0,0,0,0.0,0.0,0.0,0.0,0.0,0.0,0,0.0001572778
504,Turner,Matt,Turner,16,NFO,GK,40,0,0,0,0,0,0,0,0.0,0.0,0.0,0.0,0.0,0.0,0,0.0001572778
675,Gunn,Angus,Gunn,16,NFO,GK,40,0,0,0,0,0,0,0,0.0,0.0,0.0,0.0,0.0,0.0,0,0.0001572778
715,John,John Victor,Maciel Furtado,16,NFO,GK,40,0,0,0,0,0,0,0,0.0,0.0,0.0,0.0,0.0,0.0,0,0.0001572778
528,Patterson,Anthony,Patterson,17,SUN,GK,43,0,0,0,0,0,0,0,0.0,0.0,0.0,0.0,0.0,0.0,0,0.0001572778
529,Moore,Simon,Moore,17,SUN,GK,39,0,0,0,0,0,0,0,0.0,0.0,0.0,0.0,0.0,0.0,0,0.0001572778
530,Nna Noukeu,Blondy,Nna Noukeu,17,SUN,GK,39,0,0,0,0,0,0,0,0.0,0.0,0.0,0.0,0.0,0.0,0,0.0001572778
670,Roefs,Robin,Roefs,17,SUN,GK,47,1170,0,0,4,13,47,252,391.8,30.0,0.0,42.1,2.0,4.6,60,2.2575898
565,Vicario,Guglielmo,Vicario,18,TOT,GK,50,1170,0,0,4,16,39,220,318.4,0.1,0.0,31.9,1.8,3.8,49,2.2575898
566,Austin,Brandon,Austin,18,TOT,GK,39,0,0,0,0,0,0,0,0.0,0.0,0.0,0.0,0.0,0.0,0,0.0001572778
567,Kinsky,Antonín,Kinský,18,TOT,GK,39,0,0,0,0,0,0,0,0.0,0.0,0.0,0.0,0.0,0.0,0,0.0001572778
600,Areola,Alphonse,Areola,19,WHU,GK,43,810,0,1,0,16,37,124,302.0,10.0,0.0,31.2,4.0,2.9,26,2.2575898
601,Foderingham,Wes,Foderingham,19,WHU,GK,40,0,0,0,0,0,0,0,0.0,0.0,0.0,0.0,0.0,0.0,0,0.0001572778
602,Hegyi,Krisztián,Hegyi,19,WHU,GK,39,0,0,0,0,0,0,0,0.0,0.0,0.0,0.0,0.0,0.0,0,0.0001572778
679,Hermansen,Mads,Hermansen,19,WHU,GK,43,360,0,0,1,11,9,27,84.8,0.0,0.0,8.5,0.0,2.2,9,0.48843274
738,Fabianski,Lukasz,Fabianski,19,WHU,GK,45,0,0,0,0,0,0,0,0.0,0.0,0.0,0.0,0.0,0.0,0,0.0001572778
627,Johnstone,Sam,Johnstone,20,WOL,GK,45,810,0,0,0,17,31,102,248.8,0.1,0.0,24.9,2.0,2.1,19,2.2575898
628,José Sá,José,Malheiro de Sá,20,WOL,GK,43,360,0,0,0,11,5,7,44.0,10.0,0.0,5.5,0.0,1.2,5,-0.11004322
629,Bentley,Daniel,Bentley,20,WOL,GK,40,0,0,0,0,0,0,0,0.0,0.0,0.0,0.0,0.0,0.0,0,0.0001572778
5,Gabriel,Gabriel,dos Santos Magalhães,1,ARS,DEF,64,990,1,2,7,5,0,279,318.6,62.6,88.0,46.9,3.2,7.4,81,3.6847162
6,Saliba,William,Saliba,1,ARS,DEF,60,814,0,0,5,4,0,190,185.2,35.6,16.0,23.7,2.2,3.7,41,1.8802413
7,Calafiori,Riccardo,Calafiori,1,ARS,DEF,58,991,1,2,7,6,0,227,174.6,92.8,187.0,45.3,2.2,4.8,63,3.6847162
8,J.Timber,Jurriën,Timber,1,ARS,DEF,64,1061,2,3,6,7,0,271,263.2,197.0,242.0,70.4,3.5,5.7,74,3.6847162
9,Kiwior,Jakub,Kiwior,1,ARS,DEF,54,0,0,0,0,0,0,0,0.0,0.0,0.0,0.0,0.0,0.0,0,0.00031285596
10,Lewis-Skelly,Myles,Lewis-Skelly,1,ARS,DEF,51,132,0,0,0,1,0,21,10.4,9.4,4.0,2.3,0.5,0.8,7,0.52030635
11,White,Benjamin,White,1,ARS,DEF,53,70,0,0,1,0,0,23,15.4,11.3,1.0,2.8,0.0,6.0,6,0.53881985
13,Clarke,Brayden,Clarke,1,ARS,DEF,38,0,0,0,0,0,0,0,0.0,0.0,0.0,0.0,0.0,0.0,0,0.00031285596
14,Kacurri,Maldini,Kacurri,1,ARS,DEF,39,0,0,0,0,0,0,0,0.0,0.0,0.0,0.0,0.0,0.0,0,0.00031285596
15,Nichols,Josh,Nichols,1,ARS,DEF,38,0,0,0,0,0,0,0,0.0,0.0,0.0,0.0,0.0,0.0,0,0.00031285596
662,Mosquera,Cristhian,Mosquera,1,ARS,DEF,54,386,0,0,1,4,0,76,80.0,18.9,8.0,10.7,0.8,1.8,16,1.870992
725,Hincapie,Piero,Hincapié,1,ARS,DEF,54,203,0,0,0,2,0,26,26.2,3.5,2.0,3.1,1.0,1.2,5,0.53881985
36,Cash,Matty,Cash,2,AVL,DEF,47,1146,2,0,5,10,0,217,261.8,175.0,82.0,52.0,3.5,4.6,60,3.6847162
37,Digne,Lucas,Digne,2,AVL,DEF,45,952,0,3,5,7,0,202,175.8,222.2,61.0,45.7,4.5,3.8,50,2.9144158
38,Konsa,Ezri,Konsa Ngoyo,2,AVL,DEF,44,1055,0,0,5,10,0,219,230.4,50.6,35.0,31.7,4.2,3.6,43,1.8802413
39,Maatsen,Ian,Maatsen,2,AVL,DEF,42,214,0,0,0,4,0,38,57.4,79.7,29.0,16.7,0.5,0.9,7,1.599928
40,Mings,Tyrone,Mings,2,AVL,DEF,44,497,0,0,2,6,0,87,120.2,44.6,25.0,19.0,0.2,3.4,24,1.8802413
41,Pau,Pau,Torres,2,AVL,DEF,43,777,0,0,3,7,0,159,175.0,15.2,22.0,21.4,4.2,3.5,35,1.8802413
42,A.García,Andrés,García,2,AVL,DEF,39,0,0,0,0,0,0,0,0.0,0.0,0.0,0.0,0.0,0.0,0,0.00031285596
43,Alex Moreno,Álex,Moreno Lopera,2,AVL,DEF,40,0,0,0,0,0,0,0,0.0,0.0,0.0,0.0,0.0,0.0,0,0.00031285596
44,Bogarde,Lamare,Bogarde,2,AVL,DEF,40,299,0,0,1,2,0,57,33.6,32.7,6.0,7.2,0.8,2.0,18,1.6935021
45,Sousa,Lino,da Cruz Sousa,2,AVL,DEF,39,0,0,0,0,0,0,0,0.0,0.0,0.0,0.0,0.0,0.0,0,0.00031285596
46,Yasin,Yasin,Özcan,2,AVL,DEF,40,0,0,0,0,0,0,0,0.0,0.0,0.0,0.0,0.0,0.0,0,0.00031285596
701,Rowe,Triston,Rowe,2,AVL,DEF,40,0,0,0,0,0,0,0,0.0,0.0,0.0,0.0,0.0,0.0,0,0.00031285596
710,Patterson,Travis,Patterson,2,AVL,DEF,39,0,0,0,0,0,0,0,0.0,0.0,0.0,0.0,0.0,0.0,0,0.00031285596
719,Lindelöf,Victor,Lindelöf,2,AVL,DEF,45,21,0,0,0,0,0,9,3.0,0.4,0.0,0.4,0.0,1.0,3,0.26389614
186,Roberts,Connor,Roberts,3,BUR,DEF,44,0,0,0,0,0,0,0,0.0,0.0,0.0,0.0,0.0,0.0,0,0.00031285596
187,Walker,Kyle,Walker,3,BUR,DEF,44,1170,0,1,2,27,0,97,228.2,69.5,14.0,31.2,1.0,2.5,32,2.171436
188,Delcroix,Hannes,Delcroix,3,BUR,DEF,38,0,0,0,0,0,0,0,0.0,0.0,0.0,0.0,0.0,0.0,0,0.00031285596
189,Dodgson,Owen,Dodgson,3,BUR,DEF,40,0,0,0,0,0,0,0,0.0,0.0,0.0,0.0,0.0,0.0,0,0.00031285596
190,Ekdal,Hjalmar,Ekdal,3,BUR,DEF,40,533,0,0,1,12,0,47,130.2,26.4,61.0,21.7,0.0,2.9,20,1.7948242
191,Estève,Maxime,Estève,3,BUR,DEF,39,1162,0,0,2,27,0,108,263.6,40.0,38.0,34.3,2.5,2.6,34,1.8802413
192,Hartman,Quilindschy,Hartman,3,BUR,DEF,40,1157,0,4,2,24,0,152,281.4,209.0,45.0,53.6,1.5,3.1,40,2.9144158
193,Humphreys,Bashir,Humphreys,3,BUR,DEF,39,2,0,0,0,2,0,-5,0.2,0.0,0.0,0.0,0.0,0.0,0,-0.3636632
194,Jordan,Jordan,Beyer,3,BUR,DEF,40,0,0,0,0,0,0,0,0.0,0.0,0.0,0.0,0.0,0.0,0,0.00031285596
195,Lucas Pires,Lucas,Pires Silva,3,BUR,DEF,38,9,0,0,0,1,0,1,4.4,14.5,0.0,1.9,0.2,1.0,1,0.18547544
196,Sambo,Shurandy,Sambo,3,BUR,DEF,40,0,0,0,0,0,0,0,0.0,0.0,0.0,0.0,0.0,0.0,0,0.00031285596
197,Sonne,Oliver,Sonne,3,BUR,DEF,39,102,0,0,0,4,0,-2,7.6,16.4,6.0,3.0,0.0,1.0,3,-0.3636632
198,Tuanzebe,Axel,Tuanzebe,3,BUR,DEF,39,630,0,0,1,14,0,55,143.6,4.8,0.0,15.0,1.8,2.4,17,1.847084
199,Worrall,Joe,Worrall,3,BUR,DEF,39,19,0,0,0,2,0,9,11.2,0.3,0.0,1.2,0.0,1.0,4,0.27186623
71,Zabarnyi,Illia,Zabarnyi,4,BOU,DEF,50,0,0,0,0,0,0,0,0.0,0.0,0.0,0.0,0.0,0.0,0,0.00031285596
72,Senesi,Marcos,Senesi Barón,4,BOU,DEF,50,1157,0,3,4,23,0,212,429.2,174.4,39.0,64.3,2.5,4.8,63,2.9144158
73,Smith,Adam,Smith,4,BOU,DEF,44,296,0,0,1,6,0,33,23.6,16.8,8.0,4.8,0.8,1.8,11,1.5316253
74,Truffert,Adrien,Truffert,4,BOU,DEF,45,1142,0,1,4,21,0,176,262.6,236.8,58.0,55.7,0.8,3.5,46,2.171436
75,Akinmboni,Matai,Akinmboni,4,BOU,DEF,39,0,0,0,0,0,0,0,0.0,0.0,0.0,0.0,0.0,0.0,0,0.00031285596
76,Bevan,Owen,Bevan,4,BOU,DEF,39,0,0,0,0,0,0,0,0.0,0.0,0.0,0.0,0.0,0.0,0,0.00031285596
77,Hill,James,Hill,4,BOU,DEF,40,273,0,0,2,3,0,61,44.0,5.3,41.0,9.1,0.0,2.4,17,1.674259
78,J.Araujo,Julián,Araujo Zúñiga,4,BOU,DEF,39,0,0,0,0,0,0,0,0.0,0.0,0.0,0.0,0.0,0.0,0,0.00031285596
79,Mepham,Chris,Mepham,4,BOU,DEF,40,0,0,0,0,0,0,0,0.0,0.0,0.0,0.0,0.0,0.0,0,0.00031285596
80,Soler,Julio,Soler Barreto,4,BOU,DEF,40,1,0,0,0,0,0,2,0.0,0.0,0.0,0.0,0.0,1.0,1,0.22145452
685,Diakité,Bafodé,Diakité,4,BOU,DEF,44,855,0,0,3,18,0,116,185.0,43.1,16.0,24.5,0.5,3.1,31,1.8802413
713,A.Jimenez,Álex,Jiménez Sánchez,4,BOU,DEF,45,454,0,0,1,10,0,48,67.2,41.9,24.0,13.3,0.2,1.0,9,1.7948242
721,Milosavljević,Veljko,Milosavljevic,4,BOU,DEF,45,275,0,0,1,5,0,48,72.2,12.1,6.0,9.0,0.5,3.2,13,1.7948242
106,Collins,Nathan,Collins,5,BRE,DEF,49,1170,0,0,2,20,0,116,293.2,47.0,134.0,47.6,1.8,2.8,37,1.8802413
107,Lewis-Potter,Keane,Lewis-Potter,5,BRE,DEF,48,472,0,1,2,11,0,61,72.2,75.8,33.0,18.1,0.5,2.0,22,2.171436
108,Ajer,Kristoffer,Ajer,5,BRE,DEF,44,467,0,2,1,7,0,72,98.0,15.1,93.0,20.8,1.2,2.9,23,2.9144158
109,Henry,Rico,Henry,5,BRE,DEF,43,205,0,0,0,7,0,10,20.0,15.1,16.0,5.0,0.5,0.8,7,0.33482078
110,Kayode,Michael,Kayode,5,BRE,DEF,45,1132,0,1,2,19,0,157,223.2,234.8,46.0,50.5,2.0,2.8,37,2.171436
111,Pinnock,Ethan,Pinnock,5,BRE,DEF,43,155,0,0,0,4,0,1,31.8,0.8,10.0,4.3,0.0,0.0,0,-0.24573952
112,Roerslev,Mads,Roerslev Rasmussen,5,BRE,DEF,45,0,0,0,0,0,0,0,0.0,0.0,0.0,0.0,0.0,0.0,0,0.00031285596
113,Van den Berg,Sepp,van den Berg,5,BRE,DEF,45,1170,0,0,2,20,0,140,265.4,27.3,163.0,45.7,2.5,3.0,39,1.8802413
114,Arthur,Benjamin,Arthur,5,BRE,DEF,39,0,0,0,0,0,0,0,0.0,0.0,0.0,0.0,0.0,0.0,0,0.00031285596
115,Fredrick,Benjamin,Fredrick,5,BRE,DEF,40,0,0,0,0,0,0,0,0.0,0.0,0.0,0.0,0.0,0.0,0,0.00031285596
116,Hickey,Aaron,Hickey,5,BRE,DEF,40,336,0,0,1,5,0,44,45.6,7.9,35.0,8.9,2.8,2.1,17,1.6544031
117,Ji-soo,Kim,Ji-soo,5,BRE,DEF,39,0,0,0,0,0,0,0,0.0,0.0,0.0,0.0,0.0,0.0,0,0.00031285596
118,Meghoma,Jayden,Meghoma,5,BRE,DEF,40,0,0,0,0,0,0,0,0.0,0.0,0.0,0.0,0.0,0.0,0,0.00031285596
143,Boscagli,Olivier,Boscagli,6,BHA,DEF,42,45,0,0,0,1,0,4,12.8,1.0,0.0,1.4,0.0,0.0,0,0.19066787
144,Coppola,Diego,Coppola,6,BHA,DEF,43,17,0,0,0,1,0,6,7.8,0.1,0.0,0.8,0.0,1.0,3,0.24501075
145,De Cuyper,Maxim,De Cuyper,6,BHA,DEF,43,539,2,0,1,8,0,115,135.2,155.9,94.0,38.6,4.2,2.9,32,3.6847162
146,Dunk,Lewis,Dunk,6,BHA,DEF,45,1125,0,1,3,15,0,177,199.8,25.8,55.0,28.2,4.8,2.8,36,2.171436
147,Estupiñan,Pervis,Estupiñán Tenorio,6,BHA,DEF,45,0,0,0,0,0,0,0,0.0,0.0,0.0,0.0,0.0,0.0,0,0.00031285596
148,F.Kadıoğlu,Ferdi,Kadıoğlu,6,BHA,DEF,44,914,0,0,3,12,0,143,142.8,83.4,71.0,29.9,5.2,2.6,31,1.8802413
150,Lamptey,Tariq,Lamptey,6,BHA,DEF,44,0,0,0,0,0,0,0,0.0,0.0,0.0,0.0,0.0,0.0,0,0.00031285596
151,Van Hecke,Jan Paul,van Hecke,6,BHA,DEF,44,1170,1,0,3,16,0,188,351.6,46.5,107.0,50.7,5.0,3.7,48,3.43755
152,Veltman,Joël,Veltman,6,BHA,DEF,43,346,0,0,0,6,0,37,78.2,20.5,6.0,10.6,0.5,1.3,9,1.5916307
153,Webster,Adam,Webster,6,BHA,DEF,44,0,0,0,0,0,0,0,0.0,0.0,0.0,0.0,0.0,0.0,0,0.00031285596
154,Cashin,Eiran,Cashin,6,BHA,DEF,40,0,0,0,0,0,0,0,0.0,0.0,0.0,0.0,0.0,0.0,0,0.00031285596
155,Slater,Jacob,Slater,6,BHA,DEF,40,0,0,0,0,0,0,0,0.0,0.0,0.0,0.0,0.0,0.0,0,0.00031285596
156,Tasker,Charlie,Tasker,6,BHA,DEF,39,0,0,0,0,0,0,0,0.0,0.0,0.0,0.0,0.0,0.0,0,0.00031285596
224,Cucurella,Marc,Cucurella Saseta,7,CHE,DEF,61,1076,0,2,6,11,0,251,229.4,253.2,89.0,57.2,5.0,4.3,56,2.9144158
225,James,Reece,James,7,CHE,DEF,56,841,1,4,3,10,0,229,234.0,255.6,56.0,54.7,4.2,4.2,55,3.6847162
226,Chalobah,Trevoh,Chalobah,7,CHE,DEF,51,1020,3,1,6,11,0,260,316.6,56.3,125.0,49.8,7.0,5.8,70,3.6847162
227,Colwill,Levi,Samuels Colwill,7,CHE,DEF,48,0,0,0,0,0,0,0,0.0,0.0,0.0,0.0,0.0,0.0,0,0.00031285596
228,Gusto,Malo,Gusto,7,CHE,DEF,49,662,1,1,4,6,0,154,137.6,119.2,76.0,33.2,6.0,3.8,42,3.6847162
229,B.Badiashile,Benoît,Badiashile Mukinayi,7,CHE,DEF,44,110,0,0,0,2,0,9,18.6,2.0,0.0,2.1,0.0,0.0,0,0.2857144
230,Fofana,Wesley,Fofana,7,CHE,DEF,44,397,0,0,2,4,0,87,69.8,8.3,16.0,9.5,4.0,3.2,19,1.870992
231,M.Sarr,Mamadou,Sarr,7,CHE,DEF,45,0,0,0,0,0,0,0,0.0,0.0,0.0,0.0,0.0,0.0,0,0.00031285596
232,Tosin,Tosin,Adarabioyo,7,CHE,DEF,42,467,0,0,2,6,0,90,138.8,13.0,11.0,16.3,2.8,3.0,24,1.8802413
233,Acheampong,Josh,Acheampong,7,CHE,DEF,39,348,1,0,2,5,0,90,88.4,8.5,60.0,15.8,0.0,5.4,27,3.43755
234,Anselmino,Aarón,Anselmino,7,CHE,DEF,40,0,0,0,0,0,0,0,0.0,0.0,0.0,0.0,0.0,0.0,0,0.00031285596
672,Hato,Jorrel,Hato,7,CHE,DEF,47,166,0,0,0,2,0,5,24.0,3.3,6.0,3.2,0.0,0.8,3,0.18547544
256,Muñoz,Daniel,Muñoz Mejía,8,CRY,DEF,60,1170,2,3,6,11,0,248,288.8,116.9,201.0,60.5,6.8,5.8,75,3.6847162
257,Lacroix,Maxence,Lacroix,8,CRY,DEF,51,1170,0,2,6,11,0,253,297.2,42.5,64.0,40.2,7.0,5.4,70,2.9144158
258,Mitchell,Tyrick,Mitchell,8,CRY,DEF,50,1164,1,0,6,11,0,237,254.6,167.3,87.0,50.9,6.0,4.8,62,3.43755
259,Sosa,Borna,Sosa,8,CRY,DEF,48,1,0,0,0,0,0,3,0.0,0.0,0.0,0.0,0.0,1.0,1,0.24501075
260,Guéhi,Marc,Guéhi,8,CRY,DEF,51,1080,1,3,5,11,0,239,271.6,106.5,105.0,48.3,3.8,5.8,69,3.6847162
261,Richards,Chris,Richards,8,CRY,DEF,46,1162,0,0,6,11,0,224,294.4,62.3,54.0,41.2,5.2,4.5,59,1.8802413
262,Chadi Riad,Chadi,Riad Dnanou,8,CRY,DEF,40,0,0,0,0,0,0,0,0.0,0.0,0.0,0.0,0.0,0.0,0,0.00031285596
263,Clyne,Nathaniel,Clyne,8,CRY,DEF,38,4,0,0,0,0,0,5,3.4,0.5,0.0,0.4,0.0,1.0,1,0.24547295
264,Holding,Rob,Holding,8,CRY,DEF,40,0,0,0,0,0,0,0,0.0,0.0,0.0,0.0,0.0,0.0,0,0.00031285596
265,Kporha,Caleb,Kporha,8,CRY,DEF,40,0,0,0,0,0,0,0,0.0,0.0,0.0,0.0,0.0,0.0,0,0.00031285596
723,Canvot,Jaydee,Canvot,8,CRY,DEF,45,98,0,0,1,0,0,37,34.6,0.9,8.0,4.4,3.0,4.0,12,1.6416839
290,Branthwaite,Jarrad,Branthwaite,9,EVE,DEF,53,0,0,0,0,0,0,0,0.0,0.0,0.0,0.0,0.0,0.0,0,0.00031285596
291,Tarkowski,James,Tarkowski,9,EVE,DEF,54,1170,0,1,4,17,0,204,329.8,108.1,82.0,52.1,4.5,4.2,54,2.171436
292,Mykolenko,Vitalii,Mykolenko,9,EVE,DEF,49,895,0,0,2,16,0,81,156.8,72.9,28.0,25.7,4.8,2.8,28,1.8802413
293,O'Brien,Jake,O'Brien,9,EVE,DEF,49,1038,0,0,3,16,0,109,167.0,77.9,56.0,30.2,2.2,2.6,34,1.8802413
294,Coleman,Séamus,Coleman,9,EVE,DEF,43,11,0,0,0,0,0,10,0.0,0.1,0.0,0.0,0.2,1.0,3,0.26389614
295,Keane,Michael,Keane,9,EVE,DEF,46,1144,2,0,4,17,0,183,346.6,21.7,116.0,48.3,7.5,5.2,67,3.6847162
296,Patterson,Nathan,Patterson,9,EVE,DEF,44,0,0,0,0,0,0,0,0.0,0.0,0.0,0.0,0.0,0.0,0,0.00031285596
297,Dixon,Roman,Dixon,9,EVE,DEF,39,0,0,0,0,0,0,0,0.0,0.0,0.0,0.0,0.0,0.0,0,0.00031285596
298,Welch,Reece,Welch,9,EVE,DEF,39,0,0,0,0,0,0,0,0.0,0.0,0.0,0.0,0.0,0.0,0,0.00031285596
667,Aznou,Adam,Aznou,9,EVE,DEF,43,0,0,0,0,0,0,0,0.0,0.0,0.0,0.0,0.0,0.0,0,0.00031285596
705,Campbell,Elijah,Campbell,9,EVE,DEF,39,0,0,0,0,0,0,0,0.0,0.0,0.0,0.0,0.0,0.0,0,0.00031285596
316,Robinson,Antonee,Robinson,10,FUL,DEF,49,61,0,0,0,0,0,12,13.6,22.8,4.0,4.1,0.0,1.0,3,0.33482078
317,Andersen,Joachim,Andersen,10,FUL,DEF,45,1031,0,0,3,14,0,189,294.2,34.9,58.0,38.7,5.8,4.4,53,1.8802413
318,Bassey,Calvin,Bassey,10,FUL,DEF,45,1088,0,0,3,16,0,145,213.4,64.8,15.0,29.4,5.2,3.2,41,1.8802413
319,Castagne,Timothy,Castagne,10,FUL,DEF,43,401,0,0,0,10,0,38,69.8,52.5,37.0,15.9,0.5,1.3,12,1.7935529
320,Diop,Issa,Diop,10,FUL,DEF,43,223,0,0,0,5,0,9,34.0,1.7,4.0,4.0,0.0,1.3,4,0.23777087
321,J.Cuenca,Jorge,Cuenca Barreno,10,FUL,DEF,43,168,0,0,0,2,0,25,40.6,4.6,6.0,5.1,0.0,2.3,7,0.53881985
322,Tete,Kenny,Tete,10,FUL,DEF,45,900,1,0,3,10,0,178,227.8,87.2,56.0,37.1,6.8,4.4,44,3.43755
323,Amissah,Samuel,Amissah,10,FUL,DEF,39,0,0,0,0,0,0,0,0.0,0.0,0.0,0.0,0.0,0.0,0,0.00031285596
342,Bogle,Jayden,Bogle,11,LEE,DEF,45,1138,0,1,2,24,0,69,153.4,92.1,79.0,32.5,0.8,2.2,29,2.171436
343,Struijk,Pascal,Struijk,11,LEE,DEF,43,908,0,0,2,19,0,97,195.2,32.6,87.0,31.5,1.0,2.5,28,1.8802413
344,Bijol,Jaka,Bijol,11,LEE,DEF,39,306,0,0,0,7,0,27,58.4,11.6,10.0,8.0,0.8,1.8,7,0.53881985
345,Bornauw,Sebastiaan,Bornauw,11,LEE,DEF,39,0,0,0,0,0,0,0,0.0,0.0,0.0,0.0,0.0,0.0,0,0.00031285596
346,Byram,Sam,Byram,11,LEE,DEF,39,7,0,0,0,1,0,-2,0.0,0.0,0.0,0.0,0.0,1.0,1,0.00031285596
347,Gudmundsson,Gabriel,Gudmundsson,11,LEE,DEF,40,1022,0,0,2,21,0,118,207.8,189.0,70.0,46.7,1.0,2.2,29,1.8802413
348,Rodon,Joe,Rodon,11,LEE,DEF,41,1170,2,0,2,25,0,175,350.4,52.0,130.0,53.3,1.2,3.8,49,3.6847162
349,Schmidt,Isaac,Schmidt,11,LEE,DEF,40,0,0,0,0,0,0,0,0.0,0.0,0.0,0.0,0.0,0.0,0,0.00031285596
706,Justin,James,Justin,11,LEE,DEF,39,145,0,0,0,3,0,18,31.2,1.5,4.0,3.6,0.5,0.8,5,0.27618724
370,Frimpong,Jeremie,Frimpong,12,LIV,DEF,57,83,0,1,0,1,0,29,19.4,17.3,29.0,6.6,0.0,1.8,7,1.5883397
371,Kerkez,Milos,Kerkez,12,LIV,DEF,57,845,1,0,2,14,0,121,169.8,137.2,69.0,37.7,2.0,2.3,28,3.43755
372,Robertson,Andrew,Robertson,12,LIV,DEF,58,318,0,0,1,6,0,63,83.4,119.0,49.0,25.2,2.5,1.6,13,1.8802413
373,Virgil,Virgil,van Dijk,12,LIV,DEF,60,1170,0,0,4,20,0,186,370.4,71.9,71.0,51.2,3.8,3.8,50,1.8802413
374,Konaté,Ibrahima,Konaté,12,LIV,DEF,54,1066,0,0,4,17,0,170,268.2,75.0,33.0,37.8,4.2,3.6,47,1.8802413
375,Bradley,Conor,Bradley,12,LIV,DEF,50,529,0,1,1,11,0,48,75.6,62.8,33.0,17.0,1.5,1.7,15,2.171436
376,Gomez,Joe,Gomez,12,LIV,DEF,49,133,0,1,1,1,0,48,45.6,17.4,12.0,7.4,3.0,3.0,15,1.943213
377,Tsimikas,Konstantinos,Tsimikas,12,LIV,DEF,48,0,0,0,0,0,0,0,0.0,0.0,0.0,0.0,0.0,0.0,0,0.00031285596
378,Nallo,Amara,Nallo,12,LIV,DEF,38,0,0,0,0,0,0,0,0.0,0.0,0.0,0.0,0.0,0.0,0,0.00031285596
379,R.Williams,Rhys,Williams,12,LIV,DEF,38,0,0,0,0,0,0,0,0.0,0.0,0.0,0.0,0.0,0.0,0,0.00031285596
380,Ramsay,Calvin,Ramsay,12,LIV,DEF,38,0,0,0,0,0,0,0,0.0,0.0,0.0,0.0,0.0,0.0,0,0.00031285596
692,Leoni,Giovanni,Leoni,12,LIV,DEF,49,0,0,0,0,0,0,0,0.0,0.0,0.0,0.0,0.0,0.0,0,0.00031285596
402,Aït-Nouri,Rayan,Aït-Nouri,13,MCI,DEF,57,203,0,0,1,2,0,38,44.0,27.5,7.0,7.8,0.2,2.8,11,1.5683525
403,Gvardiol,Joško,Gvardiol,13,MCI,DEF,58,789,1,1,3,8,0,156,190.2,70.1,83.0,34.3,3.8,4.6,41,3.6847162
404,Akanji,Manuel,Akanji,13,MCI,DEF,54,0,0,0,0,0,0,0,0.0,0.0,0.0,0.0,0.0,0.0,0,0.00031285596
405,Aké,Nathan,Aké,13,MCI,DEF,53,201,0,0,1,3,0,42,37.4,24.9,13.0,7.6,0.0,2.0,10,1.6253382
406,Khusanov,Abdukodir,Khusanov,13,MCI,DEF,54,227,0,0,1,1,0,46,42.4,5.2,0.0,4.8,0.0,2.8,11,1.5700799
407,Matheus N.,Matheus,Nunes,13,MCI,DEF,53,873,1,3,3,9,0,196,222.0,122.0,32.0,37.7,4.8,4.5,49,3.6847162
408,Rúben,Rúben,dos Santos Gato Alves Dias,13,MCI,DEF,56,1085,1,0,5,11,0,218,274.6,56.9,32.0,36.4,4.0,4.1,53,3.43755
409,Stones,John,Stones,13,MCI,DEF,54,325,0,0,1,6,0,49,69.8,19.3,2.0,9.1,0.2,2.0,12,1.7935529
410,Lewis,Rico,Lewis,13,MCI,DEF,48,172,0,1,1,3,0,50,47.2,32.2,15.0,9.4,0.0,3.0,15,1.943213
411,O’Reilly,Nico,O'Reilly,13,MCI,DEF,51,863,1,3,5,7,0,209,257.8,182.3,161.0,60.1,6.0,4.7,56,3.6847162
412,Vitor Reis,Vitor,de Oliveira Nunes dos Reis,13,MCI,DEF,50,0,0,0,0,0,0,0,0.0,0.0,0.0,0.0,0.0,0.0,0,0.00031285596
740,Mfuni,Stephen,Mfuni,13,MCI,DEF,40,0,0,0,0,0,0,0,0.0,0.0,0.0,0.0,0.0,0.0,0,0.00031285596
436,De Ligt,Matthijs,de Ligt,14,MUN,DEF,50,1170,1,0,1,20,0,169,276.6,60.2,122.0,45.7,3.5,3.3,43,3.43755
437,Martinez,Lisandro,Martínez,14,MUN,DEF,48,8,0,0,0,0,0,3,2.0,0.0,0.0,0.2,0.2,1.0,1,0.24547295
438,Mazraoui,Noussair,Mazraoui,14,MUN,DEF,49,281,0,0,1,3,0,59,62.8,29.2,10.0,10.2,0.8,1.7,12,1.6872005
439,D.Leon,Diego,León Blanco,14,MUN,DEF,42,0,0,0,0,0,0,0,0.0,0.0,0.0,0.0,0.0,0.0,0,0.00031285596
440,Dalot,Diogo,Dalot Teixeira,14,MUN,DEF,44,714,0,2,1,15,0,74,118.6,145.8,38.0,30.2,1.0,2.3,25,2.9144158
441,Dorgu,Patrick,Dorgu,14,MUN,DEF,42,680,0,1,1,12,0,69,116.6,137.3,90.0,34.4,2.0,1.5,18,2.171436
442,Maguire,Harry,Maguire,14,MUN,DEF,44,341,1,1,2,4,0,83,86.8,16.3,40.0,14.3,1.5,4.1,33,3.6847162
443,Shaw,Luke,Shaw,14,MUN,DEF,45,1104,0,1,2,17,0,131,197.0,92.0,11.0,30.0,1.2,2.4,31,2.171436
444,Yoro,Leny,Yoro,14,MUN,DEF,43,781,0,1,1,16,0,77,130.4,53.3,28.0,21.1,1.0,2.0,26,2.171436
445,Amass,Harry,Amass,14,MUN,DEF,40,0,0,0,0,0,0,0,0.0,0.0,0.0,0.0,0.0,0.0,0,0.00031285596
446,Fredricson,Tyler,Fredricson,14,MUN,DEF,38,0,0,0,0,0,0,0,0.0,0.0,0.0,0.0,0.0,0.0,0,0.00031285596
447,Heaven,Ayden,Heaven,14,MUN,DEF,38,28,0,1,0,2,0,14,28.6,10.3,0.0,3.9,0.0,2.0,4,1.0698519
448,Malacia,Tyrell,Malacia,14,MUN,DEF,38,0,0,0,0,0,0,0,0.0,0.0,0.0,0.0,0.0,0.0,0,0.00031285596
473,Hall,Lewis,Hall,15,NEW,DEF,52,311,0,1,1,5,0,60,79.8,42.2,19.0,14.1,1.8,2.7,16,2.171436
474,Schär,Fabian,Schär,15,NEW,DEF,53,515,0,0,3,4,0,108,136.2,27.8,19.0,18.4,1.5,3.8,30,1.8802413
475,Botman,Sven,Botman,15,NEW,DEF,49,655,0,0,3,10,0,121,169.6,35.2,43.0,24.7,0.8,3.2,32,1.8802413
476,Burn,Dan,Burn,15,NEW,DEF,51,1062,0,2,5,15,0,139,221.0,69.4,52.0,34.3,1.5,4.4,53,2.9144158
477,Livramento,Tino,Livramento,15,NEW,DEF,49,706,0,1,5,5,0,163,111.4,72.6,24.0,20.8,1.0,5.1,41,2.171436
478,Trippier,Kieran,Trippier,15,NEW,DEF,50,699,0,0,4,10,0,121,113.0,230.7,4.0,34.6,0.0,3.3,30,1.8802413
479,Krafth,Emil,Krafth,15,NEW,DEF,43,45,0,0,0,2,0,-8,1.4,1.2,0.0,0.3,0.0,0.0,0,-0.3636632
480,Lascelles,Jamaal,Lascelles,15,NEW,DEF,43,19,0,0,0,2,0,0,10.2,0.0,7.0,1.7,0.0,0.5,1,0.09456119
481,A.Murphy,Alex,Murphy,15,NEW,DEF,38,0,0,0,0,0,0,0,0.0,0.0,0.0,0.0,0.0,0.0,0,0.00031285596
482,Ashby,Harrison,Ashby,15,NEW,DEF,39,0,0,0,0,0,0,0,0.0,0.0,0.0,0.0,0.0,0.0,0,0.00031285596
483,Pivas,Miodrag,Pivaš,15,NEW,DEF,38,0,0,0,0,0,0,0,0.0,0.0,0.0,0.0,0.0,0.0,0,0.00031285596
484,Targett,Matt,Targett,15,NEW,DEF,40,0,0,0,0,0,0,0,0.0,0.0,0.0,0.0,0.0,0.0,0,0.00031285596
684,Thiaw,Malick,Thiaw,15,NEW,DEF,49,812,2,0,2,14,0,139,251.0,22.0,128.0,40.2,6.0,4.6,46,3.6847162
12,Zinchenko,Oleksandr,Zinchenko,16,NFO,DEF,49,253,0,0,0,4,0,46,62.6,52.4,15.0,13.0,0.0,1.7,5,1.6175085
505,Milenković,Nikola,Milenković,16,NFO,DEF,52,1170,0,0,1,22,0,105,222.8,27.3,59.0,31.0,3.5,2.2,28,1.8802413
506,Murillo,Murillo,Costa dos Santos,16,NFO,DEF,53,739,1,0,1,13,0,110,217.6,26.1,34.0,27.8,5.2,3.3,30,3.43755
507,Aina,Ola,Aina,16,NFO,DEF,47,270,0,0,0,5,0,20,53.8,33.3,11.0,9.8,0.0,2.0,6,0.22707021
508,N.Williams,Neco,Williams,16,NFO,DEF,47,1170,1,1,1,22,0,166,287.6,165.8,115.0,56.9,4.2,2.6,34,3.6847162
509,David Carmo,David,Mota Veiga Teixeira do Carmo,16,NFO,DEF,45,0,0,0,0,0,0,0,0.0,0.0,0.0,0.0,0.0,0.0,0,0.00031285596
510,Jair Cunha,Jair,Paula da Cunha Filho,16,NFO,DEF,43,90,0,0,0,2,0,9,26.0,0.4,0.0,2.6,0.0,3.0,3,0.24847955
511,Morato,Felipe,Rodrigues da Silva,16,NFO,DEF,43,528,0,0,0,11,0,58,125.4,7.1,5.0,13.8,1.0,1.6,11,1.847084
512,O.Richards,Omar,Richards,16,NFO,DEF,45,0,0,0,0,0,0,0,0.0,0.0,0.0,0.0,0.0,0.0,0,0.00031285596
513,Abbott,Zach,Abbott,16,NFO,DEF,39,0,0,0,0,0,0,0,0.0,0.0,0.0,0.0,0.0,0.0,0,0.00031285596
514,Boly,Willy,Boly,16,NFO,DEF,39,0,0,0,0,0,0,0,0.0,0.0,0.0,0.0,0.0,0.0,0,0.00031285596
716,Savona,Nicolò,Savona,16,NFO,DEF,45,609,2,0,1,12,0,82,157.2,50.9,84.0,29.3,5.5,3.1,25,3.6847162
729,Cuiabano,Luis Eduardo,Soares da Silva,16,NFO,DEF,45,0,0,0,0,0,0,0,0.0,0.0,0.0,0.0,0.0,0.0,0,0.00031285596
531,Ballard,Daniel,Ballard,17,SUN,DEF,46,759,2,1,2,8,0,162,291.4,69.0,185.0,54.6,4.5,4.8,53,3.6847162
532,Hume,Trai,Hume,17,SUN,DEF,45,1094,0,1,4,11,0,170,180.4,153.9,52.0,38.7,0.8,3.2,42,2.171436
533,Alese,Aji,Alese,17,SUN,DEF,40,0,0,0,0,0,0,0,0.0,0.0,0.0,0.0,0.0,0.0,0,0.00031285596
534,Anderson,Joe,Anderson,17,SUN,DEF,39,0,0,0,0,0,0,0,0.0,0.0,0.0,0.0,0.0,0.0,0,0.00031285596
535,Cirkin,Dennis,Cirkin,17,SUN,DEF,40,0,0,0,0,0,0,0,0.0,0.0,0.0,0.0,0.0,0.0,0,0.00031285596
536,Hjelde,Leo Fuhr,Hjelde,17,SUN,DEF,40,0,0,0,0,0,0,0,0.0,0.0,0.0,0.0,0.0,0.0,0,0.00031285596
537,Huggins,Niall,Huggins,17,SUN,DEF,40,0,0,0,0,0,0,0,0.0,0.0,0.0,0.0,0.0,0.0,0,0.00031285596
538,Johnson,Zak,Johnson,17,SUN,DEF,39,0,0,0,0,0,0,0,0.0,0.0,0.0,0.0,0.0,0.0,0,0.00031285596
539,O'Nien,Luke,O'Nien,17,SUN,DEF,40,0,0,0,0,0,0,0,0.0,0.0,0.0,0.0,0.0,0.0,0,0.00031285596
540,Pembele,Timothée,Pembélé,17,SUN,DEF,39,0,0,0,0,0,0,0,0.0,0.0,0.0,0.0,0.0,0.0,0,0.00031285596
541,Reinildo,Reinildo,Mandava,17,SUN,DEF,40,842,0,1,2,11,0,90,139.6,30.3,25.0,19.6,1.8,2.3,23,2.171436
542,Seelt,Jenson,Seelt,17,SUN,DEF,40,133,0,0,0,2,0,11,33.6,2.4,0.0,3.6,0.0,1.0,2,0.26736492
678,Masuaku,Arthur,Masuaku,17,SUN,DEF,39,125,0,0,0,2,0,4,21.8,20.1,7.0,4.9,0.0,0.3,1,0.20835866
683,Alderete,Omar,Alderete,17,SUN,DEF,41,757,1,1,3,8,0,141,240.6,38.9,81.0,36.1,0.0,5.0,45,3.6847162
694,Mukiele,Nordi,Mukiele,17,SUN,DEF,42,990,1,1,3,11,0,187,270.2,92.8,65.0,42.8,2.2,5.0,55,3.6847162
724,Geertruida,Lutsharel,Geertruida,17,SUN,DEF,45,431,0,0,0,5,0,67,86.0,19.4,24.0,13.0,1.5,1.3,13,1.8802413
568,Pedro Porro,Pedro,Porro Sauceda,18,TOT,DEF,54,965,0,2,4,10,0,200,208.6,258.3,34.0,50.2,1.2,3.6,47,2.9144158
569,Romero,Cristian,Romero,18,TOT,DEF,50,837,0,1,3,10,0,144,209.0,30.4,73.0,31.1,0.8,3.5,35,2.171436
570,Danso,Kevin,Danso,18,TOT,DEF,43,392,0,0,1,8,0,61,106.2,5.4,4.0,11.6,0.8,1.7,15,1.870992
571,Davies,Ben,Davies,18,TOT,DEF,43,0,0,0,0,0,0,0,0.0,0.0,0.0,0.0,0.0,0.0,0,0.00031285596
572,Dragusin,Radu,Drăgușin,18,TOT,DEF,45,0,0,0,0,0,0,0,0.0,0.0,0.0,0.0,0.0,0.0,0,0.00031285596
573,Spence,Djed,Spence,18,TOT,DEF,44,835,0,0,4,11,0,97,99.0,56.9,34.0,18.8,0.8,2.8,31,1.8802413
574,Udogie,Destiny,Udogie,18,TOT,DEF,44,515,0,1,0,11,0,53,105.0,96.2,55.0,25.6,1.2,1.3,12,2.171436
575,Van de Ven,Micky,van de Ven,18,TOT,DEF,48,1159,3,0,4,16,0,203,278.2,35.3,123.0,43.7,0.8,4.5,58,3.6847162
576,Phillips,Ashley,Phillips,18,TOT,DEF,40,0,0,0,0,0,0,0,0.0,0.0,0.0,0.0,0.0,0.0,0,0.00031285596
577,Takai,Takai,Kōta,18,TOT,DEF,40,0,0,0,0,0,0,0,0.0,0.0,0.0,0.0,0.0,0.0,0,0.00031285596
578,Vuskovic,Luka,Vušković,18,TOT,DEF,39,0,0,0,0,0,0,0,0.0,0.0,0.0,0.0,0.0,0.0,0,0.00031285596
745,Byfield,Jun'ai,Byfield,18,TOT,DEF,40,0,0,0,0,0,0,0,0.0,0.0,0.0,0.0,0.0,0.0,0,0.00031285596
750,Rowswell,James,Rowswell,18,TOT,DEF,40,0,0,0,0,0,0,0,0.0,0.0,0.0,0.0,0.0,0.0,0,0.00031285596
149,Igor,Igor Julio,dos Santos de Paulo,19,WHU,DEF,45,103,0,0,0,3,0,10,25.8,10.6,0.0,3.6,1.2,1.5,6,0.24847955
603,Diouf,El Hadji Malick,Diouf,19,WHU,DEF,42,1125,0,4,1,26,0,101,232.4,150.5,45.0,42.8,1.8,2.7,35,2.9144158
604,Emerson,Emerson,Palmieri dos Santos,19,WHU,DEF,44,0,0,0,0,0,0,0,0.0,0.0,0.0,0.0,0.0,0.0,0,0.00031285596
605,Kilman,Maximilian,Kilman,19,WHU,DEF,43,1080,0,0,1,25,0,59,265.8,42.6,47.0,35.6,1.5,1.9,23,1.847084
606,Mavropanos,Konstantinos,Mavropanos,19,WHU,DEF,44,585,0,0,1,11,0,66,149.2,3.1,57.0,20.9,0.8,2.9,20,1.8802413
607,N.Aguerd,Nayef,Aguerd,19,WHU,DEF,44,180,0,0,0,8,0,-1,39.0,3.9,8.0,5.1,0.0,1.5,3,-0.3636632
608,Scarles,Ollie,Scarles,19,WHU,DEF,43,69,0,0,0,3,0,-2,8.0,1.2,0.0,0.9,0.0,0.5,1,-0.3636632
609,Todibo,Jean-Clair,Todibo,19,WHU,DEF,43,666,0,1,0,16,0,56,155.8,28.2,6.0,19.0,2.8,1.6,13,2.171436
610,Wan-Bissaka,Aaron,Wan-Bissaka,19,WHU,DEF,42,741,0,1,0,20,0,31,125.4,99.3,16.0,24.2,3.2,1.9,17,1.5820336
611,Casey,Kaelan,Casey,19,WHU,DEF,40,0,0,0,0,0,0,0,0.0,0.0,0.0,0.0,0.0,0.0,0,0.00031285596
659,Walker-Peters,Kyle,Walker-Peters,19,WHU,DEF,43,510,1,0,1,10,0,74,113.0,49.4,67.0,23.0,2.0,1.9,21,3.43755
747,Mayers,Ezra,Mayers,19,WHU,DEF,40,0,0,0,0,0,0,0,0.0,0.0,0.0,0.0,0.0,0.0,0,0.00031285596
752,Golambeckis,Airidas,Golambeckis,19,WHU,DEF,40,0,0,0,0,0,0,0,0.0,0.0,0.0,0.0,0.0,0.0,0,0.00031285596
631,Agbadou,Emmanuel,Agbadou,20,WOL,DEF,43,740,0,0,0,20,0,48,208.8,46.0,45.0,30.0,0.5,1.6,16,1.7948242
632,Doherty,Matt,Doherty,20,WOL,DEF,44,291,0,0,0,6,0,15,49.4,21.8,4.0,7.6,0.0,0.5,2,0.22707021
633,H.Bueno,Hugo,Bueno López,20,WOL,DEF,44,807,0,0,1,16,0,91,192.0,258.2,67.0,51.9,1.0,1.8,23,1.8802413
634,Mosquera,Yerson,Mosquera Valdelamar,20,WOL,DEF,43,258,0,0,0,7,0,5,28.2,12.1,43.0,8.3,-0.5,0.4,2,0.14117147
635,R.Gomes,Rodrigo,Martins Gomes,20,WOL,DEF,44,331,1,0,0,9,0,20,60.2,40.4,103.0,20.5,0.0,2.2,13,1.4955635
636,S.Bueno,Santiago,Ignacio Bueno,20,WOL,DEF,44,664,1,1,0,16,0,77,190.6,48.2,68.0,30.7,0.8,3.1,25,3.6847162
637,Toti,Toti,Gomes,20,WOL,DEF,43,705,0,0,0,20,0,44,148.0,71.0,27.0,24.6,2.0,1.3,13,1.7948242
638,Hoever,Ki-Jana,Hoever,20,WOL,DEF,39,249,0,0,0,8,0,16,56.4,60.2,13.0,13.1,0.2,1.0,5,0.17737232
639,Meupiyou,Bastien,Meupiyou Menadjou,20,WOL,DEF,40,0,0,0,0,0,0,0,0.0,0.0,0.0,0.0,0.0,0.0,0,0.00031285596
640,Pedro Lima,Pedro,Cardoso de Lima,20,WOL,DEF,40,0,0,0,0,0,0,0,0.0,0.0,0.0,0.0,0.0,0.0,0,0.00031285596
641,Pond,Alfie,Pond,20,WOL,DEF,39,0,0,0,0,0,0,0,0.0,0.0,0.0,0.0,0.0,0.0,0,0.00031285596
682,Møller Wolfe,David,Møller Wolfe,20,WOL,DEF,43,312,0,1,0,9,0,18,53.0,58.8,19.0,13.2,0.5,1.4,10,0.94339633
695,Tchatchoua,Jackson,Tchatchoua,20,WOL,DEF,45,697,0,0,0,18,0,29,140.6,128.9,26.0,29.5,1.5,1.4,17,0.94339633
709,Krejčí,Ladislav,Krejcí,20,WOL,DEF,45,794,1,1,0,19,0,68,226.0,75.5,116.0,41.8,0.8,2.0,18,3.6847162
16,Saka,Bukayo,Saka,1,ARS,MID,101,861,3,1,5,5,0,189,233.6,301.2,277.0,81.2,6.0,4.9,54,4.14787
17,Ødegaard,Martin,Ødegaard,1,ARS,MID,78,234,0,1,1,1,0,50,44.4,67.8,22.0,13.4,0.2,2.0,14,3.0135782
18,Madueke,Noni,Madueke,1,ARS,MID,68,349,0,0,2,2,0,45,32.6,114.2,111.0,25.7,0.5,1.7,12,2.3751993
19,Martinelli,Gabriel,Martinelli Silva,1,ARS,MID,68,270,1,0,1,1,0,59,53.2,31.9,102.0,18.8,0.2,1.9,17,3.3328323
20,Trossard,Leandro,Trossard,1,ARS,MID,69,719,3,3,4,5,0,176,205.2,182.8,203.0,59.1,6.8,5.2,52,6.4255767
21,Rice,Declan,Rice,1,ARS,MID,70,1073,2,5,6,7,0,297,338.4,378.1,116.0,83.3,6.2,5.8,75,4.14787
22,Merino,Mikel,Merino Zazón,1,ARS,MID,59,590,2,2,2,5,0,132,157.0,92.6,124.0,37.0,5.0,3.1,37,4.14787
23,Fábio Vieira,Fábio,Ferreira Vieira,1,ARS,MID,54,0,0,0,0,0,0,0,0.0,0.0,0.0,0.0,0.0,0.0,0,0.00022433347
24,Nørgaard,Christian,Nørgaard,1,ARS,MID,52,14,0,0,0,0,0,7,6.4,0.1,7.0,1.4,0.2,1.0,2,0.24813108
25,Nwaneri,Ethan,Nwaneri,1,ARS,MID,51,165,0,0,1,0,0,20,8.6,22.5,24.0,5.4,0.5,1.3,8,0.65599924
26,Zubimendi,Martín,Zubimendi Ibáñez,1,ARS,MID,53,1083,2,1,7,7,0,217,225.6,197.0,75.0,49.9,2.5,3.8,50,4.14787
28,Kabia,Ismeal,Kabia,1,ARS,MID,45,0,0,0,0,0,0,0,0.0,0.0,0.0,0.0,0.0,0.0,0,0.00022433347
29,Sambi,Albert,Sambi Lokonga,1,ARS,MID,45,0,0,0,0,0,0,0,0.0,0.0,0.0,0.0,0.0,0.0,0,0.00022433347
266,Eze,Eberechi,Eze,1,ARS,MID,78,861,4,3,6,5,0,241,243.8,135.3,279.0,65.8,6.8,5.2,63,6.4255767
700,Dowman,Max,Dowman,1,ARS,MID,43,27,0,1,0,0,0,13,1.0,0.8,26.0,2.8,0.0,2.5,5,0.9834206
711,Harriman-Annous,Andre,Harriman-Annous,1,ARS,MID,45,0,0,0,0,0,0,0,0.0,0.0,0.0,0.0,0.0,0.0,0,0.00022433347
47,Rogers,Morgan,Rogers,2,AVL,MID,69,1156,3,2,5,11,0,167,219.8,179.3,223.0,62.1,5.2,4.1,53,6.4255767
48,Tielemans,Youri,Tielemans,2,AVL,MID,59,491,0,1,2,5,0,101,99.4,137.9,68.0,30.6,2.2,2.4,17,4.14787
49,Bailey,Leon,Bailey,2,AVL,MID,55,0,0,0,0,0,0,0,0.0,0.0,0.0,0.0,0.0,0.0,0,0.00022433347
50,Buendía,Emiliano,Buendía Stati,2,AVL,MID,53,533,3,2,2,4,0,135,183.6,127.9,118.0,43.0,3.2,3.7,41,6.4255767
51,Iling Jr,Samuel,Iling-Junior,2,AVL,MID,55,0,0,0,0,0,0,0,0.0,0.0,0.0,0.0,0.0,0.0,0,0.00022433347
53,Malen,Donyell,Malen,2,AVL,MID,51,451,3,1,1,6,0,112,135.8,73.5,180.0,38.1,3.5,3.0,39,4.14787
54,McGinn,John,McGinn,2,AVL,MID,54,994,1,1,6,9,0,179,172.8,274.6,83.0,53.3,3.5,3.1,40,4.14787
55,Barkley,Ross,Barkley,2,AVL,MID,48,114,1,1,0,0,0,56,51.8,33.7,55.0,14.0,3.0,2.1,15,3.3328323
56,Barrenechea,Enzo,Barrenechea,2,AVL,MID,50,0,0,0,0,0,0,0,0.0,0.0,0.0,0.0,0.0,0.0,0,0.00022433347
57,Dobbin,Lewis,Dobbin,2,AVL,MID,50,0,0,0,0,0,0,0,0.0,0.0,0.0,0.0,0.0,0.0,0,0.00022433347
58,Kamara,Boubacar,Kamara,2,AVL,MID,49,821,1,2,4,7,0,181,219.4,137.3,38.0,39.5,4.8,3.5,38,4.14787
59,Onana,Amadou,Onana,2,AVL,MID,48,500,1,0,3,4,0,116,152.2,35.6,25.0,21.2,2.8,3.1,25,4.14787
60,Broggio,Ben,Broggio,2,AVL,MID,45,0,0,0,0,0,0,0,0.0,0.0,0.0,0.0,0.0,0.0,0,0.00022433347
61,Dendoncker,Leander,Dendoncker,2,AVL,MID,45,0,0,0,0,0,0,0,0.0,0.0,0.0,0.0,0.0,0.0,0,0.00022433347
62,Jimoh-Aloba,Jamaldeen,Jimoh-Aloba,2,AVL,MID,45,0,0,0,0,0,0,0,0.0,0.0,0.0,0.0,0.0,0.0,0,0.00022433347
63,Young,Kadan,Young,2,AVL,MID,44,0,0,0,0,0,0,0,0.0,0.0,0.0,0.0,0.0,0.0,0,0.00022433347
389,Elliott,Harvey,Elliott,2,AVL,MID,53,97,0,0,0,2,0,13,8.6,17.8,18.0,4.4,0.0,1.0,4,0.6529408
456,Sancho,Jadon,Sancho,2,AVL,MID,58,111,0,0,0,0,0,17,18.0,43.6,70.0,13.3,1.0,1.0,6,0.6464973
677,Guessand,Evann,Guessand,2,AVL,MID,62,420,0,0,1,6,0,46,52.2,32.1,65.0,14.7,0.5,1.4,14,2.4186506
702,Burrowes,Bradley,Burrowes,2,AVL,MID,44,16,0,0,0,1,0,3,0.0,0.3,0.0,0.0,0.0,1.0,1,0.24662763
754,George Hemmings,George,Hemmings,2,AVL,MID,45,0,0,0,0,0,0,0,0.0,0.0,0.0,0.0,0.0,0.0,0,0.00022433347
200,Anthony,Jaidon,Anthony,3,BUR,MID,55,972,4,2,3,21,0,184,243.4,185.3,218.0,64.6,2.5,4.2,55,6.4255767
201,Benson,Manuel,Benson Hedilazio,3,BUR,MID,54,0,0,0,0,0,0,0,0.0,0.0,0.0,0.0,0.0,0.0,0,0.00022433347
202,Bruun Larsen,Jacob,Bruun Larsen,3,BUR,MID,53,440,0,1,1,15,0,52,50.0,62.2,60.0,17.2,1.0,1.6,18,3.0135782
203,Boateng,Enock,Agyei,3,BUR,MID,48,0,0,0,0,0,0,0,0.0,0.0,0.0,0.0,0.0,0.0,0,0.00022433347
204,Churlinov,Darko,Churlinov,3,BUR,MID,49,0,0,0,0,0,0,0,0.0,0.0,0.0,0.0,0.0,0.0,0,0.00022433347
205,Cullen,Josh,Cullen,3,BUR,MID,50,1111,2,1,3,22,0,240,278.2,155.7,77.0,51.3,3.8,4.4,57,4.14787
206,Edwards,Marcus,Edwards,3,BUR,MID,47,22,0,0,0,1,0,8,3.2,1.4,24.0,2.6,0.5,1.0,3,0.24840398
207,Hannibal,Hannibal,Mejbri,3,BUR,MID,48,364,0,2,1,10,0,76,45.4,73.0,28.0,14.6,1.2,1.8,21,3.6314356
208,Koleosho,Luca,Koleosho,3,BUR,MID,50,0,0,0,0,0,0,0,0.0,0.0,0.0,0.0,0.0,0.0,0,0.00022433347
209,Laurent,Josh,Laurent,3,BUR,MID,49,578,0,0,0,18,0,83,77.4,40.9,32.0,15.1,1.0,1.4,17,3.712035
210,Tchaouna,Loum,Tchaouna,3,BUR,MID,49,584,1,1,2,7,0,95,77.0,53.6,68.0,19.9,2.0,2.2,27,4.14787
211,A.Ramsey,Aaron,Ramsey,3,BUR,MID,44,0,0,0,0,0,0,0,0.0,0.0,0.0,0.0,0.0,0.0,0,0.00022433347
212,Adewumi,Oluwaseun,Adewumi,3,BUR,MID,45,0,0,0,0,0,0,0,0.0,0.0,0.0,0.0,0.0,0.0,0,0.00022433347
213,Banel,Jaydon,Banel,3,BUR,MID,45,0,0,0,0,0,0,0,0.0,0.0,0.0,0.0,0.0,0.0,0,0.00022433347
214,Trésor,Mike,Trésor Ndayishimiye,3,BUR,MID,44,0,0,0,0,0,0,0,0.0,0.0,0.0,0.0,0.0,0.0,0,0.00022433347
676,Ugochukwu,Lesley,Ugochukwu,3,BUR,MID,50,689,2,1,2,15,0,123,140.4,33.9,94.0,26.6,2.5,2.9,35,4.14787
722,Florentino,Florentino Ibrain,Morris Luís,3,BUR,MID,50,814,0,1,2,17,0,155,191.0,82.6,31.0,30.7,3.2,3.5,35,4.14787
81,Kluivert,Justin,Kluivert,4,BOU,MID,70,411,1,0,1,7,0,58,72.8,115.7,51.0,23.8,0.8,1.7,19,3.6314356
82,Semenyo,Antoine,Semenyo,4,BOU,MID,78,1080,6,4,4,21,0,220,341.6,215.0,320.0,87.8,0.8,6.3,76,6.4255767
84,Tavernier,Marcus,Tavernier,4,BOU,MID,55,1036,3,1,5,19,0,189,237.2,304.3,203.0,74.6,3.0,4.2,55,4.14787
85,Adams,Tyler,Adams,4,BOU,MID,50,1102,2,1,4,22,0,232,257.0,71.6,103.0,43.3,5.2,3.7,48,4.14787
86,Brooks,David,Brooks,4,BOU,MID,50,628,0,1,3,10,0,103,91.0,172.9,166.0,42.4,1.0,1.8,22,4.14787
87,Christie,Ryan,Christie,4,BOU,MID,50,271,1,1,0,6,0,69,78.6,57.1,84.0,22.1,0.8,1.7,17,4.14787
88,Cook,Lewis,Cook,4,BOU,MID,49,214,0,0,0,7,0,46,47.0,82.2,8.0,13.9,1.0,1.0,7,2.4186506
89,Philip,Philip,Billing,4,BOU,MID,49,0,0,0,0,0,0,0,0.0,0.0,0.0,0.0,0.0,0.0,0,0.00022433347
90,Scott,Alex,Scott,4,BOU,MID,50,817,1,1,4,13,0,164,145.8,116.4,79.0,33.7,2.0,2.8,37,4.14787
91,Sinisterra,Luis,Sinisterra Lucumí,4,BOU,MID,50,0,0,0,0,0,0,0,0.0,0.0,0.0,0.0,0.0,0.0,0,0.00022433347
92,Faivre,Romain,Faivre,4,BOU,MID,45,0,0,0,0,0,0,0,0.0,0.0,0.0,0.0,0.0,0.0,0,0.00022433347
93,H.Traorè,Hamed,Traorè,4,BOU,MID,45,16,0,1,0,2,0,12,21.2,10.0,0.0,3.1,0.0,4.0,4,0.9834206
94,Sadi,Dominic,Sadi,4,BOU,MID,45,0,0,0,0,0,0,0,0.0,0.0,0.0,0.0,0.0,0.0,0,0.00022433347
95,Silcott-Duberry,Zain,Silcott-Duberry,4,BOU,MID,44,0,0,0,0,0,0,0,0.0,0.0,0.0,0.0,0.0,0.0,0,0.00022433347
96,Winterburn,Ben,Winterburn,4,BOU,MID,45,6,0,0,0,2,0,3,0.0,0.0,0.0,0.0,0.0,1.0,1,0.24662763
391,Gannon-Doak,Ben,Gannon-Doak,4,BOU,MID,49,53,0,1,0,1,0,22,21.2,14.0,11.0,4.7,0.2,1.8,7,1.2471646
687,Rees-Dottin,Remy,Rees-Dottin,4,BOU,MID,44,0,0,0,0,0,0,0,0.0,0.0,0.0,0.0,0.0,0.0,0,0.00022433347
697,Adli,Amine,Adli,4,BOU,MID,54,309,1,0,0,8,0,69,96.6,68.7,88.0,25.3,2.2,1.6,16,4.14787
27,Nelson,Reiss,Nelson,5,BRE,MID,48,31,0,0,0,1,0,15,16.2,2.4,9.0,2.7,0.8,1.0,3,0.29939997
83,O.Dango,Dango,Ouattara,5,BRE,MID,60,794,3,4,3,10,0,153,154.8,88.4,292.0,53.0,5.8,4.7,56,6.4255767
120,Schade,Kevin,Schade,5,BRE,MID,70,1084,3,2,3,14,0,151,216.2,190.1,271.0,67.9,3.5,3.5,45,6.4255767
121,Damsgaard,Mikkel,Damsgaard,5,BRE,MID,58,884,1,1,2,13,0,170,189.6,296.6,108.0,59.5,2.5,3.5,39,4.14787
122,Milambo,Antoni,Milambo,5,BRE,MID,52,45,0,0,0,3,0,5,4.0,1.8,0.0,0.6,0.0,1.0,1,0.24524473
123,Carvalho,Fábio,Freitas Gouveia Carvalho,5,BRE,MID,48,100,1,0,0,4,0,42,39.0,6.5,36.0,8.1,0.2,2.2,13,2.5096197
124,Henderson,Jordan,Henderson,5,BRE,MID,50,1009,0,3,3,15,0,186,169.4,193.7,17.0,37.9,3.2,3.0,39,4.14787
125,Janelt,Vitaly,Janelt,5,BRE,MID,49,155,0,0,0,3,0,30,22.8,38.9,16.0,7.6,0.5,1.2,10,1.3259472
126,Jensen,Mathias,Jensen,5,BRE,MID,49,308,2,0,0,7,0,103,108.0,60.9,42.0,21.1,1.2,2.2,24,4.14787
127,Nunes,Gustavo,Nunes Fernandes Gomes,5,BRE,MID,49,0,0,0,0,0,0,0,0.0,0.0,0.0,0.0,0.0,0.0,0,0.00022433347
128,Onyeka,Frank,Onyeka,5,BRE,MID,48,88,0,2,0,2,0,41,28.4,13.6,4.0,4.6,0.0,2.0,12,3.0135782
129,Yarmoliuk,Yehor,Yarmoliuk,5,BRE,MID,50,952,0,1,2,16,0,149,141.8,103.4,45.0,28.9,2.2,2.8,36,4.14787
130,Donovan,Romelle,Donovan,5,BRE,MID,45,0,0,0,0,0,0,0,0.0,0.0,0.0,0.0,0.0,0.0,0,0.00022433347
131,Konak,Yunus Emre,Konak,5,BRE,MID,43,0,0,0,0,0,0,0,0.0,0.0,0.0,0.0,0.0,0.0,0,0.00022433347
132,Maghoma,Paris,Maghoma,5,BRE,MID,45,0,0,0,0,0,0,0,0.0,0.0,0.0,0.0,0.0,0.0,0,0.00022433347
133,Peart-Harris,Myles,Peart-Harris,5,BRE,MID,44,0,0,0,0,0,0,0,0.0,0.0,0.0,0.0,0.0,0.0,0,0.00022433347
134,Trevitt,Ryan,Trevitt,5,BRE,MID,45,0,0,0,0,0,0,0,0.0,0.0,0.0,0.0,0.0,0.0,0,0.00022433347
748,Dasilva,Josh,Dasilva,5,BRE,MID,50,0,0,0,0,0,0,0,0.0,0.0,0.0,0.0,0.0,0.0,0,0.00022433347
157,Mitoma,Mitoma,Kaoru,6,BHA,MID,61,508,1,1,1,8,0,64,88.4,95.8,88.0,26.9,0.0,3.3,20,4.14787
158,Georginio,Georginio,Rutter,6,BHA,MID,57,821,0,4,4,8,0,114,112.8,129.1,149.0,39.1,2.8,3.0,36,4.14787
159,March,Solly,March,6,BHA,MID,58,0,0,0,0,0,0,0,0.0,0.0,0.0,0.0,0.0,0.0,0,0.00022433347
160,Minteh,Yankuba,Minteh,6,BHA,MID,62,1120,1,7,4,14,0,236,238.8,328.6,301.0,87.1,6.5,4.9,64,4.14787
161,Enciso,Julio,Enciso Espínola,6,BHA,MID,54,0,0,0,0,0,0,0,0.0,0.0,0.0,0.0,0.0,0.0,0,0.00022433347
162,Gruda,Brajan,Gruda,6,BHA,MID,54,225,1,1,0,3,0,60,76.2,56.9,94.0,22.7,0.2,2.2,20,4.14787
163,Hinshelwood,Jack,Hinshelwood,6,BHA,MID,51,161,1,0,0,2,0,52,54.8,12.9,9.0,7.7,2.0,2.4,12,3.3328323
164,O'Riley,Matt,O'Riley,6,BHA,MID,55,177,1,0,1,2,0,36,60.8,66.6,63.0,19.0,0.0,6.0,12,2.7245572
165,Sima,Abdallah,Sima,6,BHA,MID,54,0,0,0,0,0,0,0,0.0,0.0,0.0,0.0,0.0,0.0,0,0.00022433347
166,Ayari,Yasin,Ayari,6,BHA,MID,49,1051,1,0,3,13,0,193,154.4,150.0,111.0,41.6,3.2,2.8,36,4.14787
167,Baleba,Carlos,Baleba,6,BHA,MID,47,695,0,0,4,8,0,72,35.4,58.5,11.0,10.4,1.8,1.4,18,3.0135782
169,Gomez,Diego,Gómez Amarilla,6,BHA,MID,49,690,2,0,3,8,0,148,188.8,137.4,206.0,53.2,5.8,2.7,32,4.14787
170,Milner,James,Milner,6,BHA,MID,49,187,1,1,0,7,0,66,79.6,71.2,17.0,16.8,0.0,2.1,15,4.14787
171,Sarmiento,Jeremy,Sarmiento Morante,6,BHA,MID,49,0,0,0,0,0,0,0,0.0,0.0,0.0,0.0,0.0,0.0,0,0.00022433347
172,Watson,Tom,Watson,6,BHA,MID,48,40,0,0,0,2,0,9,5.6,1.3,7.0,1.4,0.2,1.0,2,0.24840398
173,Wieffer,Mats,Wieffer,6,BHA,MID,49,819,0,3,3,9,0,185,221.8,148.3,87.0,45.8,5.2,4.0,44,4.14787
174,Yalcouye,Malick,Yalcouyé,6,BHA,MID,50,0,0,0,0,0,0,0,0.0,0.0,0.0,0.0,0.0,0.0,0,0.00022433347
175,Knight,Joe,Knight,6,BHA,MID,45,1,0,0,0,0,0,3,0.0,0.0,0.0,0.0,0.2,1.0,1,0.24662763
176,Mazilu,Adrian,Mazilu,6,BHA,MID,45,0,0,0,0,0,0,0,0.0,0.0,0.0,0.0,0.0,0.0,0,0.00022433347
177,Moran,Andrew,Moran,6,BHA,MID,45,0,0,0,0,0,0,0,0.0,0.0,0.0,0.0,0.0,0.0,0,0.00022433347
744,Oriola,Nehemiah,Oriola,6,BHA,MID,45,1,0,0,0,0,0,3,0.0,0.0,0.0,0.0,0.2,1.0,1,0.24662763
168,Buonanotte,Facundo,Buonanotte,7,CHE,MID,47,45,0,0,0,1,0,4,5.6,25.1,8.0,3.9,0.0,1.0,1,0.24813108
235,Palmer,Cole,Palmer,7,CHE,MID,103,144,1,0,1,2,0,36,44.4,19.2,65.0,12.9,0.0,3.7,11,2.4186506
236,Neto,Pedro,Lomba Neto,7,CHE,MID,72,1009,4,2,6,7,0,239,260.2,304.5,243.0,80.9,5.5,4.8,62,6.4255767
237,Enzo,Enzo,Fernández,7,CHE,MID,67,1060,4,2,5,12,0,240,294.2,307.8,308.0,91.2,4.5,5.1,61,6.4255767
238,Estêvão,Estêvão,Almeida de Oliveira Gonçalves,7,CHE,MID,65,382,1,3,2,2,0,100,104.8,143.4,175.0,42.3,1.5,2.7,30,4.14787
239,Gittens,Jamie,Bynoe-Gittens,7,CHE,MID,61,338,0,1,1,2,0,53,57.6,105.2,66.0,22.8,2.0,1.5,15,3.0528817
240,Nkunku,Christopher,Nkunku,7,CHE,MID,59,0,0,0,0,0,0,0,0.0,0.0,0.0,0.0,0.0,0.0,0,0.00022433347
241,Caicedo,Moisés,Caicedo Corozo,7,CHE,MID,60,982,3,1,4,12,0,250,306.2,134.6,59.0,49.7,2.5,4.8,58,4.14787
243,George,Tyrique,George,7,CHE,MID,49,142,0,0,1,2,0,2,8.2,7.0,56.0,7.1,0.0,1.0,4,0.60174847
244,Lavia,Roméo,Lavia,7,CHE,MID,49,105,0,0,0,3,0,22,9.6,7.5,2.0,1.8,0.2,1.0,4,0.65599924
245,Mudryk,Mykhailo,Mudryk,7,CHE,MID,49,0,0,0,0,0,0,0,0.0,0.0,0.0,0.0,0.0,0.0,0,0.00022433347
246,Andrey Santos,Andrey,Nascimento dos Santos,7,CHE,MID,45,317,0,0,1,2,0,50,49.0,58.9,43.0,15.1,1.5,1.3,12,3.0135782
247,D.Essugo,Dário,Luís Essugo,7,CHE,MID,43,0,0,0,0,0,0,0,0.0,0.0,0.0,0.0,0.0,0.0,0,0.00022433347
248,Paez,Kendry,Páez Andrade,7,CHE,MID,45,0,0,0,0,0,0,0,0.0,0.0,0.0,0.0,0.0,0.0,0,0.00022433347
453,Garnacho,Alejandro,Garnacho Ferreyra,7,CHE,MID,64,387,1,2,2,4,0,103,96.0,92.1,147.0,33.5,3.8,3.6,25,4.14787
743,Emenalo,Landon,Emenalo,7,CHE,MID,45,0,0,0,0,0,0,0,0.0,0.0,0.0,0.0,0.0,0.0,0,0.00022433347
267,Sarr,Ismaïla,Sarr,8,CRY,MID,67,919,3,1,6,6,0,155,194.4,130.0,192.0,51.7,2.5,4.5,50,4.14787
268,Doucouré,Cheick,Doucouré,8,CRY,MID,49,0,0,0,0,0,0,0,0.0,0.0,0.0,0.0,0.0,0.0,0,0.00022433347
269,Esse,Romain,Esse,8,CRY,MID,47,24,0,0,0,0,0,6,4.6,0.4,2.0,0.7,0.0,1.0,1,0.24813108
270,Hughes,Will,Hughes,8,CRY,MID,47,459,0,0,3,3,0,61,59.4,100.9,26.0,18.6,1.0,1.5,16,3.0528817
271,Kamada,Daichi,Kamada,8,CRY,MID,50,922,0,2,5,9,0,162,108.0,114.6,92.0,31.4,3.8,3.5,39,4.14787
272,Lerma,Jefferson,Lerma Solís,8,CRY,MID,49,374,0,2,3,2,0,69,62.2,58.4,60.0,18.0,3.2,1.8,22,3.6314356
273,Wharton,Adam,Wharton,8,CRY,MID,50,863,0,2,4,10,0,182,141.0,265.2,34.0,43.9,3.2,3.3,36,4.14787
274,Agbinone,Asher,Agbinone,8,CRY,MID,44,0,0,0,0,0,0,0,0.0,0.0,0.0,0.0,0.0,0.0,0,0.00022433347
275,Ahamada,Naouirou,Ahamada,8,CRY,MID,44,0,0,0,0,0,0,0,0.0,0.0,0.0,0.0,0.0,0.0,0,0.00022433347
276,Devenny,Justin,Devenny,8,CRY,MID,43,171,0,0,0,3,0,36,16.4,32.0,75.0,12.4,0.8,1.1,11,2.072159
277,Ebiowei,Malcolm,Ebiowei,8,CRY,MID,45,0,0,0,0,0,0,0,0.0,0.0,0.0,0.0,0.0,0.0,0,0.00022433347
278,J.Rak-Sakyi,Jesurun,Rak-Sakyi,8,CRY,MID,44,0,0,0,0,0,0,0,0.0,0.0,0.0,0.0,0.0,0.0,0,0.00022433347
279,M.França,Matheus,França de Oliveira,8,CRY,MID,45,0,0,0,0,0,0,0,0.0,0.0,0.0,0.0,0.0,0.0,0,0.00022433347
280,Ozoh,David,Ozoh,8,CRY,MID,45,0,0,0,0,0,0,0,0.0,0.0,0.0,0.0,0.0,0.0,0,0.00022433347
281,Rodney,Kaden,Rodney,8,CRY,MID,45,0,0,0,0,0,0,0,0.0,0.0,0.0,0.0,0.0,0.0,0,0.00022433347
282,Umeh,Franco,Umeh-Chibueze,8,CRY,MID,45,0,0,0,0,0,0,0,0.0,0.0,0.0,0.0,0.0,0.0,0,0.00022433347
690,Cardines,Rio,Cardines,8,CRY,MID,44,0,0,0,0,0,0,0,0.0,0.0,0.0,0.0,0.0,0.0,0,0.00022433347
712,Yeremy,Yéremy,Pino Santos,8,CRY,MID,58,686,1,0,4,6,0,100,105.0,232.3,131.0,46.6,3.5,2.3,25,4.14787
242,Dewsbury-Hall,Kiernan,Dewsbury-Hall,9,EVE,MID,49,1062,3,2,4,16,0,233,233.4,301.8,154.0,68.9,7.8,4.6,55,6.4255767
299,Ndiaye,Iliman,Ndiaye,9,EVE,MID,66,1073,4,1,4,17,0,248,298.6,214.4,214.0,72.8,4.2,4.6,60,6.4255767
300,McNeil,Dwight,McNeil,9,EVE,MID,55,64,0,0,0,0,0,14,9.8,16.4,8.0,3.3,0.8,1.0,5,0.6529408
301,Alcaraz,Carlos,Alcaraz Durán,9,EVE,MID,52,289,0,0,0,5,0,41,26.4,29.0,59.0,11.4,0.5,1.0,10,2.2813525
302,Gana,Idrissa Gana,Gueye,9,EVE,MID,54,961,2,0,3,11,0,196,174.4,108.2,110.0,39.2,3.0,3.3,40,4.14787
303,Garner,James,Garner,9,EVE,MID,50,1170,1,2,4,17,0,258,270.2,222.8,99.0,59.2,3.2,3.8,50,4.14787
304,Iroegbunam,Tim,Iroegbunam,9,EVE,MID,49,391,0,2,4,4,0,67,70.4,25.1,13.0,10.8,2.0,2.0,20,4.14787
305,Armstrong,Harrison,Armstrong,9,EVE,MID,45,1,0,0,0,0,0,3,0.0,0.0,0.0,0.0,0.0,1.0,1,0.24662763
306,Bates,Callum,Bates,9,EVE,MID,44,0,0,0,0,0,0,0,0.0,0.0,0.0,0.0,0.0,0.0,0,0.00022433347
307,Ebere,Coby,Ebere,9,EVE,MID,44,0,0,0,0,0,0,0,0.0,0.0,0.0,0.0,0.0,0.0,0,0.00022433347
308,Heath,Isaac,Heath,9,EVE,MID,45,0,0,0,0,0,0,0,0.0,0.0,0.0,0.0,0.0,0.0,0,0.00022433347
309,Metcalfe,Jenson,Metcalfe,9,EVE,MID,45,0,0,0,0,0,0,0,0.0,0.0,0.0,0.0,0.0,0.0,0,0.00022433347
419,Grealish,Jack,Grealish,9,EVE,MID,66,992,1,4,4,15,0,238,256.0,345.3,254.0,85.7,2.5,4.0,48,4.14787
704,Onyango,Tyler,Onyango,9,EVE,MID,45,0,0,0,0,0,0,0,0.0,0.0,0.0,0.0,0.0,0.0,0,0.00022433347
707,Dibling,Tyler,Dibling,9,EVE,MID,53,72,0,0,0,1,0,13,10.0,12.4,4.0,2.5,0.2,0.8,4,0.6398214
728,Röhl,Merlin,Röhl,9,EVE,MID,50,91,0,0,0,1,0,10,11.4,13.3,7.0,3.2,0.2,1.0,4,0.5992533
324,Iwobi,Alex,Iwobi,10,FUL,MID,64,1073,1,2,3,16,0,202,200.4,305.5,118.0,62.4,2.5,3.5,45,4.14787
325,Smith Rowe,Emile,Smith Rowe,10,FUL,MID,56,264,1,0,0,2,0,62,63.8,71.2,85.0,22.0,1.0,1.4,18,3.6314356
326,Adama,Adama,Traoré Diarra,10,FUL,MID,52,242,0,0,0,6,0,41,19.0,58.9,55.0,12.9,0.5,1.2,11,2.2691996
327,Andreas,Andreas,Hoelgebaum Pereira,10,FUL,MID,53,0,0,0,0,0,0,0,0.0,0.0,0.0,0.0,0.0,0.0,0,0.00022433347
328,Sessegnon,Ryan,Sessegnon,10,FUL,MID,54,1016,2,2,3,16,0,190,238.6,102.5,117.0,45.7,6.2,4.5,54,4.14787
329,Wilson,Harry,Wilson,10,FUL,MID,52,809,3,1,3,8,0,166,172.8,151.5,167.0,48.9,5.8,3.8,46,4.14787
330,Berge,Sander,Berge,10,FUL,MID,49,1138,0,1,3,17,0,181,151.8,152.8,38.0,34.3,3.0,2.5,32,4.14787
331,Cairney,Tom,Cairney,10,FUL,MID,48,196,0,0,0,5,0,31,14.6,35.1,22.0,7.3,0.2,1.1,8,1.5367001
332,Lukić,Saša,Lukić,10,FUL,MID,50,699,1,2,1,10,0,133,140.4,229.8,71.0,44.0,0.2,2.8,28,4.14787
333,Godo,Martial,Godo,10,FUL,MID,45,0,0,0,0,0,0,0,0.0,0.0,0.0,0.0,0.0,0.0,0,0.00022433347
334,Harris,Luke,Harris,10,FUL,MID,45,0,0,0,0,0,0,0,0.0,0.0,0.0,0.0,0.0,0.0,0,0.00022433347
335,King,Josh,King,10,FUL,MID,45,789,0,1,3,12,0,100,91.6,102.5,146.0,33.2,3.0,2.1,27,4.14787
336,Reed,Harrison,Reed,10,FUL,MID,43,1,0,0,0,0,0,3,0.2,0.1,0.0,0.0,0.2,1.0,1,0.24813108
727,Chukwueze,Samuel,Chukwueze,10,FUL,MID,53,183,0,3,0,5,0,64,73.0,104.9,74.0,25.2,2.8,2.7,16,4.14787
731,Kevin,Kevin,Santos Lopes de Macedo,10,FUL,MID,58,386,0,0,2,6,0,58,79.6,95.7,86.0,26.2,2.2,1.4,14,3.6314356
350,Aaronson,Brenden,Aaronson,11,LEE,MID,54,789,1,3,2,13,0,167,162.8,163.4,184.0,51.0,3.0,3.4,44,4.14787
351,Gnonto,Wilfried,Gnonto,11,LEE,MID,52,246,0,0,1,7,0,38,23.2,43.7,18.0,8.5,0.2,1.2,7,2.193929
352,Harrison,Jack,Harrison,11,LEE,MID,51,261,0,0,0,5,0,48,30.0,49.4,35.0,11.5,0.5,1.1,11,2.7245572
353,James,Daniel,James,11,LEE,MID,53,348,0,0,1,12,0,50,36.0,95.0,87.0,21.9,1.0,1.3,13,3.0135782
354,Ampadu,Ethan,Ampadu,11,LEE,MID,49,967,0,0,1,20,0,161,153.2,103.2,25.0,28.3,2.2,2.7,30,4.14787
355,Greenwood,Sam,Greenwood,11,LEE,MID,49,0,0,0,0,0,0,0,0.0,0.0,0.0,0.0,0.0,0.0,0,0.00022433347
356,Gruev,Ilia,Gruev,11,LEE,MID,48,301,0,0,1,9,0,57,40.8,40.1,2.0,8.3,0.5,1.5,9,3.0135782
357,Ramazani,Largie,Ramazani,11,LEE,MID,49,0,0,0,0,0,0,0,0.0,0.0,0.0,0.0,0.0,0.0,0,0.00022433347
358,Tanaka,Tanaka,Ao,11,LEE,MID,48,457,0,0,2,10,0,76,49.4,84.2,14.0,14.6,2.0,1.9,19,3.0135782
359,Crew,Charlie,Crew,11,LEE,MID,45,0,0,0,0,0,0,0,0.0,0.0,0.0,0.0,0.0,0.0,0,0.00022433347
360,Gelhardt,Joe,Gelhardt,11,LEE,MID,45,0,0,0,0,0,0,0,0.0,0.0,0.0,0.0,0.0,0.0,0,0.00022433347
361,Gyabi,Darko,Gyabi,11,LEE,MID,45,0,0,0,0,0,0,0,0.0,0.0,0.0,0.0,0.0,0.0,0,0.00022433347
493,Longstaff,Sean,Longstaff,11,LEE,MID,49,877,1,2,1,15,0,221,228.2,327.0,54.0,60.9,1.0,3.3,40,4.14787
660,Stach,Anton,Stach,11,LEE,MID,48,820,1,3,2,18,0,161,160.4,237.0,108.0,50.6,2.2,4.0,44,4.14787
698,Okafor,Noah,Okafor,11,LEE,MID,55,602,2,1,1,14,0,111,128.8,79.7,129.0,33.8,1.8,3.2,32,4.14787
381,M.Salah,Mohamed,Salah,12,LIV,MID,141,1074,4,2,3,20,0,172,242.6,339.2,360.0,94.2,3.5,4.7,56,6.4255767
382,Wirtz,Florian,Wirtz,12,LIV,MID,80,760,0,0,3,12,0,107,84.6,251.6,156.0,49.2,1.5,1.8,22,4.14787
383,Luis Díaz,Luis,Díaz Marulanda,12,LIV,MID,80,0,0,0,0,0,0,0,0.0,0.0,0.0,0.0,0.0,0.0,0,0.00022433347
384,Gakpo,Cody,Gakpo,12,LIV,MID,75,1009,4,3,4,17,0,225,256.2,343.3,329.0,93.0,5.0,4.8,62,6.4255767
385,Chiesa,Federico,Chiesa,12,LIV,MID,64,139,2,1,0,4,0,77,98.2,19.0,81.0,19.9,0.2,2.2,20,4.14787
386,Mac Allister,Alexis,Mac Allister,12,LIV,MID,63,817,0,2,3,11,0,150,136.4,160.8,91.0,38.9,3.0,2.5,30,4.14787
387,Szoboszlai,Dominik,Szoboszlai,12,LIV,MID,66,1170,1,1,4,20,0,257,295.0,391.0,137.0,82.3,2.0,3.8,49,4.14787
388,C.Jones,Curtis,Jones,12,LIV,MID,54,430,0,1,0,11,0,103,77.4,87.4,40.0,20.4,0.8,1.5,16,4.14787
390,Gravenberch,Ryan,Gravenberch,12,LIV,MID,56,961,3,2,4,14,0,237,248.8,137.7,65.0,45.2,4.2,5.1,56,6.4255767
392,Endo,Endo,Wataru,12,LIV,MID,49,36,0,1,0,3,0,20,28.8,10.9,0.0,3.9,0.0,1.5,6,1.0800934
393,Bajcetic,Stefan,Bajčetić Maquieira,12,LIV,MID,43,0,0,0,0,0,0,0,0.0,0.0,0.0,0.0,0.0,0.0,0,0.00022433347
394,McConnell,James,McConnell,12,LIV,MID,44,0,0,0,0,0,0,0,0.0,0.0,0.0,0.0,0.0,0.0,0,0.00022433347
395,Morton,Tyler,Morton,12,LIV,MID,45,0,0,0,0,0,0,0,0.0,0.0,0.0,0.0,0.0,0.0,0,0.00022433347
396,Nyoni,Trey,Nyoni,12,LIV,MID,43,0,0,0,0,0,0,0,0.0,0.0,0.0,0.0,0.0,0.0,0,0.00022433347
686,Ngumoha,Rio,Ngumoha,12,LIV,MID,44,42,1,0,0,2,0,43,44.2,34.0,25.0,10.4,0.2,2.0,10,2.5096197
746,Morrison,Kieran,Morrison,12,LIV,MID,45,0,0,0,0,0,0,0,0.0,0.0,0.0,0.0,0.0,0.0,0,0.00022433347
413,Marmoush,Omar,Marmoush,13,MCI,MID,83,182,0,1,0,3,0,47,41.2,38.7,91.0,16.9,1.0,1.8,14,2.7245572
414,Foden,Phil,Foden,13,MCI,MID,81,887,3,1,5,7,0,224,218.2,406.5,170.0,79.2,6.0,4.4,48,4.14787
415,Savinho,Sávio,Moreira de Oliveira,13,MCI,MID,69,402,0,1,2,3,0,63,57.8,91.0,142.0,29.0,0.8,1.9,17,3.0528817
416,Bernardo,Bernardo,Mota Veiga de Carvalho e Silva,13,MCI,MID,63,804,0,2,3,8,0,135,121.0,215.6,37.0,37.3,2.2,2.1,27,4.14787
417,Cherki,Rayan,Cherki,13,MCI,MID,64,304,1,4,0,5,0,125,128.8,150.7,87.0,36.7,5.5,3.9,31,4.14787
418,Doku,Jérémy,Doku,13,MCI,MID,66,782,1,4,4,7,0,207,233.0,416.9,263.0,91.2,4.2,3.7,48,4.14787
420,Gündoğan,İlkay,Gündoğan,13,MCI,MID,63,0,0,0,0,0,0,0,0.0,0.0,0.0,0.0,0.0,0.0,0,0.00022433347
421,Rodrigo,Rodrigo 'Rodri',Hernandez Cascante,13,MCI,MID,63,292,0,0,1,3,0,58,50.6,50.9,19.0,12.0,0.2,2.0,12,3.0135782
422,Kovačić,Mateo,Kovačić,13,MCI,MID,59,4,0,0,0,0,0,3,2.6,0.8,0.0,0.3,0.0,1.0,1,0.24813108
423,N.Gonzalez,Nico,González Iglesias,13,MCI,MID,59,824,1,0,4,9,0,198,186.2,112.1,54.0,35.3,4.5,2.8,34,4.14787
424,Bobb,Oscar,Bobb,13,MCI,MID,53,464,0,1,2,5,0,82,69.8,154.3,87.0,31.2,0.0,2.0,18,4.14787
425,Echeverri,Claudio,Echeverri,13,MCI,MID,54,0,0,0,0,0,0,0,0.0,0.0,0.0,0.0,0.0,0.0,0,0.00022433347
427,Reijnders,Tijjani,Reijnders,13,MCI,MID,53,844,1,2,3,9,0,174,151.0,190.0,180.0,51.7,1.2,3.2,38,4.14787
428,Nypan,Sverre,Nypan,13,MCI,MID,50,0,0,0,0,0,0,0,0.0,0.0,0.0,0.0,0.0,0.0,0,0.00022433347
429,Phillips,Kalvin,Phillips,13,MCI,MID,48,0,0,0,0,0,0,0,0.0,0.0,0.0,0.0,0.0,0.0,0,0.00022433347
739,Mukasa,Divine,Mukasa,13,MCI,MID,45,0,0,0,0,0,0,0,0.0,0.0,0.0,0.0,0.0,0.0,0,0.00022433347
742,McAidoo,Ryan,McAidoo,13,MCI,MID,45,0,0,0,0,0,0,0,0.0,0.0,0.0,0.0,0.0,0.0,0,0.00022433347
119,Mbeumo,Bryan,Mbeumo,14,MUN,MID,86,1135,5,1,2,19,0,235,284.8,382.3,409.0,107.6,2.8,4.8,62,6.4255767
449,B.Fernandes,Bruno,Borges Fernandes,14,MUN,MID,89,1160,2,5,1,20,0,295,393.8,505.4,216.0,111.7,5.8,4.8,63,4.14787
450,Cunha,Matheus,Santos Carneiro da Cunha,14,MUN,MID,79,683,1,0,1,10,0,124,132.2,148.0,177.0,45.7,1.8,2.6,26,4.14787
451,Rashford,Marcus,Rashford,14,MUN,MID,70,0,0,0,0,0,0,0,0.0,0.0,0.0,0.0,0.0,0.0,0,0.00022433347
452,Amad,Amad,Diallo,14,MUN,MID,63,933,1,3,2,12,0,204,214.4,280.8,197.0,69.4,5.2,3.4,41,4.14787
454,Antony,Antony,dos Santos,14,MUN,MID,59,0,0,0,0,0,0,0,0.0,0.0,0.0,0.0,0.0,0.0,0,0.00022433347
455,Mount,Mason,Mount,14,MUN,MID,59,484,2,0,3,6,0,108,105.2,120.8,99.0,32.5,2.5,3.1,31,4.14787
457,Casemiro,Carlos Henrique,Casimiro,14,MUN,MID,55,764,3,2,3,8,0,184,227.8,118.6,146.0,49.3,5.2,4.2,51,6.4255767
458,Mainoo,Kobbie,Mainoo,14,MUN,MID,47,171,0,0,0,6,0,33,36.0,74.6,15.0,12.6,0.5,1.0,9,1.6900597
459,Ugarte,Manuel,Ugarte Ribeiro,14,MUN,MID,47,299,0,0,0,11,0,66,54.6,26.4,2.0,8.2,0.2,1.4,13,3.0528817
460,Collyer,Toby,Collyer,14,MUN,MID,45,0,0,0,0,0,0,0,0.0,0.0,0.0,0.0,0.0,0.0,0,0.00022433347
461,Fitzgerald,Jayce,Fitzgerald,14,MUN,MID,44,0,0,0,0,0,0,0,0.0,0.0,0.0,0.0,0.0,0.0,0,0.00022433347
462,J.Fletcher,Jack,Fletcher,14,MUN,MID,43,0,0,0,0,0,0,0,0.0,0.0,0.0,0.0,0.0,0.0,0,0.00022433347
463,Kone,Sékou,Koné,14,MUN,MID,43,0,0,0,0,0,0,0,0.0,0.0,0.0,0.0,0.0,0.0,0,0.00022433347
464,Moorhouse,Jack,Moorhouse,14,MUN,MID,45,0,0,0,0,0,0,0,0.0,0.0,0.0,0.0,0.0,0.0,0,0.00022433347
755,Lacey,Shea,Lacey,14,MUN,MID,45,0,0,0,0,0,0,0,0.0,0.0,0.0,0.0,0.0,0.0,0,0.00022433347
52,J.Ramsey,Jacob,Ramsey,15,NEW,MID,53,209,0,0,0,6,0,35,40.2,96.4,30.0,16.7,0.8,1.0,6,2.1561034
485,Gordon,Anthony,Gordon,15,NEW,MID,72,462,0,0,3,7,0,46,40.8,96.1,130.0,26.4,0.5,1.6,13,2.6335878
486,Elanga,Anthony,Elanga,15,NEW,MID,66,486,0,1,2,10,0,77,70.0,131.2,80.0,28.2,2.0,1.7,22,3.6314356
487,Barnes,Harvey,Barnes,15,NEW,MID,64,618,3,0,2,8,0,121,154.6,138.0,216.0,50.6,6.8,3.2,41,4.14787
488,Bruno G.,Bruno,Guimarães Rodriguez Moura,15,NEW,MID,66,1074,3,4,4,16,0,258,263.4,260.9,114.0,63.8,5.5,5.3,64,6.4255767
489,J.Murphy,Jacob,Murphy,15,NEW,MID,61,656,2,1,4,6,0,150,159.6,157.2,223.0,53.9,3.0,3.5,38,4.14787
490,Joelinton,Joelinton Cássio,Apolinário de Lira,15,NEW,MID,59,829,0,0,3,10,0,104,85.2,93.5,109.0,28.9,2.0,2.4,26,4.14787
491,Tonali,Sandro,Tonali,15,NEW,MID,54,960,0,1,5,10,0,192,164.2,237.1,96.0,49.8,2.8,2.8,37,4.14787
492,Antoñito C.,Antoñito,Cordero Campillo,15,NEW,MID,49,0,0,0,0,0,0,0,0.0,0.0,0.0,0.0,0.0,0.0,0,0.00022433347
494,Willock,Joe,Willock,15,NEW,MID,50,123,0,0,1,2,0,27,18.4,17.8,10.0,4.5,0.8,1.4,7,1.0800934
495,Hayden,Isaac,Hayden,15,NEW,MID,45,0,0,0,0,0,0,0,0.0,0.0,0.0,0.0,0.0,0.0,0,0.00022433347
496,Kuol,Garang,Kuol,15,NEW,MID,44,0,0,0,0,0,0,0,0.0,0.0,0.0,0.0,0.0,0.0,0,0.00022433347
497,L.Miley,Lewis,Miley,15,NEW,MID,44,363,1,2,1,4,0,119,111.0,89.6,29.0,23.1,4.0,3.2,29,4.14787
498,White,Joe,White,15,NEW,MID,45,0,0,0,0,0,0,0,0.0,0.0,0.0,0.0,0.0,0.0,0,0.00022433347
689,Seung soo,Seung-Soo,Park,15,NEW,MID,44,0,0,0,0,0,0,0,0.0,0.0,0.0,0.0,0.0,0.0,0,0.00022433347
426,McAtee,James,McAtee,16,NFO,MID,51,131,0,0,0,6,0,23,14.2,41.5,8.0,6.5,0.2,1.0,5,0.74095094
515,Gibbs-White,Morgan,Gibbs-White,16,NFO,MID,73,1080,3,1,1,19,0,206,196.8,236.7,265.0,69.5,7.0,3.8,50,4.14787
516,Hudson-Odoi,Callum,Hudson-Odoi,16,NFO,MID,57,616,1,0,0,13,0,106,114.0,226.2,112.0,45.3,1.0,2.0,24,4.14787
517,Anderson,Elliot,Anderson,16,NFO,MID,53,1170,1,2,1,22,0,283,307.8,414.2,118.0,84.3,7.0,4.3,56,4.14787
518,Jota,João Pedro,Ferreira da Silva,16,NFO,MID,54,11,0,0,0,0,0,6,5.0,0.5,4.0,1.0,0.0,1.0,1,0.24813108
519,Dominguez,Nicolás,Domínguez,16,NFO,MID,50,215,0,0,1,3,0,34,30.4,76.4,3.0,11.1,1.2,1.2,6,1.8364985
520,O'Brien,Lewis,O'Brien,16,NFO,MID,50,0,0,0,0,0,0,0,0.0,0.0,0.0,0.0,0.0,0.0,0,0.00022433347
521,Sangaré,Ibrahim,Sangaré,16,NFO,MID,49,663,1,0,1,11,0,113,136.0,53.2,62.0,25.2,3.2,2.5,25,4.14787
522,Yates,Ryan,Yates,16,NFO,MID,47,260,0,1,0,5,0,53,53.8,26.0,25.0,10.4,2.0,1.4,13,3.0528817
523,Da Silva Moreira,Eric,da Silva Moreira,16,NFO,MID,45,0,0,0,0,0,0,0,0.0,0.0,0.0,0.0,0.0,0.0,0,0.00022433347
524,Stamenic,Marko,Stamenić,16,NFO,MID,45,0,0,0,0,0,0,0,0.0,0.0,0.0,0.0,0.0,0.0,0,0.00022433347
669,Ndoye,Dan,Ndoye,16,NFO,MID,56,885,1,2,1,14,0,130,129.6,135.0,122.0,38.7,2.5,3.0,36,4.14787
693,Hutchinson,Omari,Hutchinson,16,NFO,MID,54,202,0,3,0,3,0,74,68.8,136.8,93.0,29.6,3.2,2.2,18,4.14787
699,Douglas Luiz,Douglas Luiz,Soares de Paulo,16,NFO,MID,50,185,0,1,0,5,0,40,23.2,46.5,10.0,8.0,0.2,1.8,7,2.4186506
734,Bakwa,Dilane,Bakwa,16,NFO,MID,59,172,0,0,0,4,0,27,30.2,73.7,49.0,15.3,0.0,1.2,5,1.1447524
543,Adingra,Simon,Adingra,17,SUN,MID,50,298,0,1,2,5,0,40,28.4,79.1,8.0,11.5,0.5,1.9,15,2.4016187
544,Diarra,Habib,Diarra,17,SUN,MID,53,345,0,1,2,2,0,23,10.6,31.0,45.0,8.0,0.0,3.0,12,1.4709502
545,Roberts,Patrick,Roberts,17,SUN,MID,54,27,0,0,0,1,0,4,1.8,7.3,5.0,1.4,0.0,1.0,1,0.24524473
546,Aleksić,Milan,Aleksić,17,SUN,MID,49,0,0,0,0,0,0,0,0.0,0.0,0.0,0.0,0.0,0.0,0,0.00022433347
547,E.Le Fée,Enzo,Le Fée,17,SUN,MID,49,866,2,2,2,11,0,160,222.4,217.9,85.0,52.5,5.8,4.1,49,4.14787
548,Mundle,Romaine,Mundle,17,SUN,MID,49,27,0,0,0,0,0,1,1.4,4.4,2.0,0.8,0.0,0.0,0,0.2296555
549,Neil,Dan,Neil,17,SUN,MID,48,2,0,0,0,0,0,7,2.0,0.0,0.0,0.2,0.0,1.0,2,0.24840398
550,Poveda,Ian,Poveda-Ocampo,17,SUN,MID,48,0,0,0,0,0,0,0,0.0,0.0,0.0,0.0,0.0,0.0,0,0.00022433347
551,Rigg,Chris,Rigg,17,SUN,MID,48,186,0,0,1,0,0,23,9.0,25.6,7.0,4.3,0.0,1.3,8,0.70481306
552,Sadiki,Noah,Sadiki,17,SUN,MID,50,1163,0,0,4,13,0,158,130.8,138.1,31.0,30.1,2.8,2.3,30,4.14787
553,Talbi,Chemsdine,Talbi,17,SUN,MID,50,675,1,2,4,6,0,105,83.6,93.5,97.0,26.9,1.2,2.8,37,4.14787
554,Ba,Abdoullah,Ba,17,SUN,MID,43,0,0,0,0,0,0,0,0.0,0.0,0.0,0.0,0.0,0.0,0,0.00022433347
555,Browne,Alan,Browne,17,SUN,MID,45,0,0,0,0,0,0,0,0.0,0.0,0.0,0.0,0.0,0.0,0,0.00022433347
556,Ekwah,Pierre,Ekwah Elimby,17,SUN,MID,45,0,0,0,0,0,0,0,0.0,0.0,0.0,0.0,0.0,0.0,0,0.00022433347
557,H.Jones,Harrison,Jones,17,SUN,MID,44,0,0,0,0,0,0,0,0.0,0.0,0.0,0.0,0.0,0.0,0,0.00022433347
558,Matete,Jay,Matete,17,SUN,MID,44,0,0,0,0,0,0,0,0.0,0.0,0.0,0.0,0.0,0.0,0,0.00022433347
559,Triantis,Nectarios,Triantis,17,SUN,MID,44,0,0,0,0,0,0,0,0.0,0.0,0.0,0.0,0.0,0.0,0,0.00022433347
668,Xhaka,Granit,Xhaka,17,SUN,MID,52,1170,1,4,4,13,0,268,353.2,287.2,54.0,69.4,5.0,4.5,59,4.14787
735,Traoré,Bertrand,Traoré,17,SUN,MID,55,483,1,1,2,7,0,102,102.0,83.6,135.0,32.1,3.8,3.0,24,4.14787
579,Son,Son,Heung-min,18,TOT,MID,85,0,0,0,0,0,0,0,0.0,0.0,0.0,0.0,0.0,0.0,0,0.00022433347
580,Johnson,Brennan,Johnson,18,TOT,MID,66,479,2,0,3,3,0,103,121.8,68.9,64.0,25.5,0.8,2.4,29,4.14787
581,Maddison,James,Maddison,18,TOT,MID,68,0,0,0,0,0,0,0,0.0,0.0,0.0,0.0,0.0,0.0,0,0.00022433347
582,Kudus,Mohammed,Kudus,18,TOT,MID,65,1042,2,5,4,14,0,173,257.2,299.8,215.0,77.1,2.8,4.6,55,4.14787
583,Kulusevski,Dejan,Kulusevski,18,TOT,MID,64,0,0,0,0,0,0,0,0.0,0.0,0.0,0.0,0.0,0.0,0,0.00022433347
584,Tel,Mathys,Tel,18,TOT,MID,63,251,2,0,1,3,0,69,75.4,10.3,59.0,14.5,1.8,2.7,24,4.14787
585,Bentancur,Rodrigo,Bentancur,18,TOT,MID,53,750,1,1,2,12,0,151,151.2,106.4,61.0,32.0,0.8,3.1,37,4.14787
586,Bergvall,Lucas,Bergvall,18,TOT,MID,54,485,1,2,2,5,0,106,117.6,56.9,100.0,27.6,1.5,2.9,29,4.14787
587,Bissouma,Yves,Bissouma,18,TOT,MID,52,0,0,0,0,0,0,0,0.0,0.0,0.0,0.0,0.0,0.0,0,0.00022433347
588,Odobert,Wilson,Odobert,18,TOT,MID,53,471,0,1,0,9,0,76,66.8,109.9,97.0,27.3,2.8,1.8,22,3.6314356
589,Solomon,Manor,Solomon,18,TOT,MID,54,0,0,0,0,0,0,0,0.0,0.0,0.0,0.0,0.0,0.0,0,0.00022433347
590,Bryan,Bryan,Gil Salvatierra,18,TOT,MID,49,0,0,0,0,0,0,0,0.0,0.0,0.0,0.0,0.0,0.0,0,0.00022433347
591,Gray,Archie,Gray,18,TOT,MID,48,130,0,0,1,2,0,25,9.0,15.3,5.0,3.0,0.2,1.7,5,0.74095094
592,Moore,Mikey,Moore,18,TOT,MID,50,0,0,0,0,0,0,0,0.0,0.0,0.0,0.0,0.0,0.0,0,0.00022433347
593,P.M.Sarr,Pape Matar,Sarr,18,TOT,MID,48,607,2,2,3,5,0,145,143.6,68.1,77.0,28.9,2.0,3.2,39,4.14787
594,Min-hyeok,Yang,Min-hyeok,18,TOT,MID,45,0,0,0,0,0,0,0,0.0,0.0,0.0,0.0,0.0,0.0,0,0.00022433347
595,Olusesi,Callum,Olusesi,18,TOT,MID,43,0,0,0,0,0,0,0,0.0,0.0,0.0,0.0,0.0,0.0,0,0.00022433347
673,J.Palhinha,João Maria,Lobo Alves Palhares Costa Palhinha Gonçalves,18,TOT,MID,55,1010,2,2,3,15,0,244,287.8,64.0,93.0,44.6,4.0,4.6,60,4.14787
717,Xavi,Xavi,Simons,18,TOT,MID,66,605,0,1,2,8,0,85,78.2,114.8,60.0,25.3,1.8,2.2,22,4.14787
751,Akhamrich,Yusuf,Akhamrich,18,TOT,MID,45,0,0,0,0,0,0,0,0.0,0.0,0.0,0.0,0.0,0.0,0,0.00022433347
612,L.Paquetá,Lucas,Tolentino Coelho de Lima,19,WHU,MID,59,1042,3,1,1,24,0,199,263.0,255.8,136.0,65.4,3.0,3.7,44,4.14787
613,Souček,Tomáš,Souček,19,WHU,MID,57,462,2,1,1,17,0,109,147.2,20.8,178.0,34.7,5.0,2.8,28,4.14787
614,Ward-Prowse,James,Ward-Prowse,19,WHU,MID,56,414,0,0,1,11,0,82,56.6,176.3,6.0,23.9,0.0,2.2,11,3.3328323
615,Summerville,Crysencio,Summerville,19,WHU,MID,55,639,0,3,0,13,0,91,77.8,84.5,100.0,26.3,1.8,2.6,23,4.14787
616,Álvarez,Edson,Álvarez Velázquez,19,WHU,MID,49,0,0,0,0,0,0,0,0.0,0.0,0.0,0.0,0.0,0.0,0,0.00022433347
617,Cornet,Maxwel,Cornet,19,WHU,MID,49,0,0,0,0,0,0,0,0.0,0.0,0.0,0.0,0.0,0.0,0,0.00022433347
618,G.Rodriguez,Guido,Rodríguez,19,WHU,MID,48,89,0,0,0,2,0,14,3.4,2.5,2.0,0.8,0.0,1.5,3,0.6444254
619,L.Guilherme,Luis Guilherme,Lira dos Santos,19,WHU,MID,49,121,0,0,0,2,0,11,9.2,14.5,4.0,2.5,0.5,1.0,5,0.6152007
620,Earthy,George,Earthy,19,WHU,MID,45,0,0,0,0,0,0,0,0.0,0.0,0.0,0.0,0.0,0.0,0,0.00022433347
621,Irving,Andy,Irving,19,WHU,MID,44,149,0,0,0,4,0,45,29.6,38.3,2.0,7.0,0.0,1.3,8,2.3581674
622,Orford,Lewis,Orford,19,WHU,MID,44,0,0,0,0,0,0,0,0.0,0.0,0.0,0.0,0.0,0.0,0,0.00022433347
623,Potts,Freddie,Potts,19,WHU,MID,44,459,0,0,0,8,0,86,73.6,84.4,2.0,15.9,2.5,1.8,14,3.712035
708,M.Fernandes,Mateus Gonçalo,Espanha Fernandes,19,WHU,MID,55,805,1,1,1,14,0,159,183.4,213.0,41.0,43.9,3.5,3.1,34,4.14787
718,S.Magassa,Soungoutou,Magassa,19,WHU,MID,50,256,0,0,0,5,0,33,42.4,19.0,0.0,6.1,0.5,1.0,7,1.8364985
642,Hee Chan,Hwang,Hee-chan,20,WOL,MID,57,390,1,0,0,8,0,54,53.2,35.9,56.0,14.2,0.8,1.9,17,3.0528817
643,André,André,Trindade da Costa Neto,20,WOL,MID,53,883,0,0,0,19,0,155,136.8,85.7,7.0,22.9,2.2,2.5,32,4.14787
644,Bellegarde,Jean-Ricner,Bellegarde,20,WOL,MID,52,566,0,0,0,18,0,85,60.6,87.6,73.0,22.0,1.8,1.3,16,3.3328323
645,Fer López,Fer,López González,20,WOL,MID,52,116,0,1,0,5,0,24,27.0,52.0,32.0,11.0,0.0,1.4,7,1.4726319
646,Gomes,João Victor,Gomes da Silva,20,WOL,MID,53,1015,0,0,1,23,0,161,153.8,126.3,61.0,34.4,2.5,2.4,31,4.14787
647,Guedes,Gonçalo Manuel,Ganchinho Guedes,20,WOL,MID,55,0,0,0,0,0,0,0,0.0,0.0,0.0,0.0,0.0,0.0,0,0.00022433347
648,Munetsi,Marshall,Munetsi,20,WOL,MID,54,867,1,2,0,19,0,128,161.0,61.3,179.0,40.1,1.5,3.1,37,4.14787
649,B.Traore,Boubacar,Traoré,20,WOL,MID,50,0,0,0,0,0,0,0,0.0,0.0,0.0,0.0,0.0,0.0,0,0.00022433347
650,Chirewa,Tawanda,Chirewa,20,WOL,MID,43,21,0,0,0,0,0,1,0.0,0.0,0.0,0.0,0.2,1.0,1,0.22158389
651,Edozie,Tom,Edozie,20,WOL,MID,43,0,0,0,0,0,0,0,0.0,0.0,0.0,0.0,0.0,0.0,0,0.00022433347
652,Gonzalez,Enso,González Medina,20,WOL,MID,44,0,0,0,0,0,0,0,0.0,0.0,0.0,0.0,0.0,0.0,0,0.00022433347
653,Hodge,Joe,Hodge,20,WOL,MID,45,0,0,0,0,0,0,0,0.0,0.0,0.0,0.0,0.0,0.0,0,0.00022433347
663,J.Arias,Jhon,Arias,20,WOL,MID,50,647,0,0,1,11,0,96,84.4,159.7,104.0,34.7,0.8,1.8,21,4.14787
30,Havertz,Kai,Havertz,1,ARS,FWD,73,30,0,0,0,0,0,4,2.8,0.8,2.0,0.6,0.0,1.0,1,0.24921201
31,G.Jesus,Gabriel,Fernando de Jesus,1,ARS,FWD,64,0,0,0,0,0,0,0,0.0,0.0,0.0,0.0,0.0,0.0,0,0.00052179984
666,Gyökeres,Viktor,Gyökeres,1,ARS,FWD,88,819,4,0,5,3,0,143,158.6,107.2,314.0,57.9,1.8,3.4,37,4.257773
64,Watkins,Ollie,Watkins,2,AVL,FWD,85,969,1,0,5,9,0,85,74.8,115.5,251.0,44.1,1.8,2.3,30,4.257773
65,Redmond,Zépiqueno,Redmond,2,AVL,FWD,45,0,0,0,0,0,0,0,0.0,0.0,0.0,0.0,0.0,0.0,0,0.00052179984
215,Flemming,Zian,Flemming,3,BUR,FWD,53,504,4,0,1,9,0,130,169.2,45.5,141.0,35.1,3.5,3.3,33,4.257773
216,Amdouni,Zeki,Amdouni,3,BUR,FWD,48,0,0,0,0,0,0,0,0.0,0.0,0.0,0.0,0.0,0.0,0,0.00052179984
217,Foster,Lyle,Foster,3,BUR,FWD,50,670,2,1,3,13,0,125,123.8,80.5,92.0,29.2,0.8,3.1,31,4.257773
218,Barnes,Ashley,Barnes,3,BUR,FWD,43,7,0,0,0,0,0,3,0.2,0.3,0.0,0.1,0.0,1.0,1,0.24921201
219,Obafemi,Michael,Obafemi,3,BUR,FWD,44,0,0,0,0,0,0,0,0.0,0.0,0.0,0.0,0.0,0.0,0,0.00052179984
680,Broja,Armando,Broja,3,BUR,FWD,52,102,0,0,0,9,0,19,12.6,6.2,33.0,5.4,1.0,1.0,7,0.8246854
97,Evanilson,Francisco Evanilson,de Lima Barbosa,4,BOU,FWD,70,890,1,3,3,16,0,122,62.6,123.9,309.0,49.4,3.2,3.2,35,4.257773
98,Enes Ünal,Enes,Ünal,4,BOU,FWD,54,21,1,0,0,0,0,36,36.0,1.6,39.0,7.5,1.8,2.7,8,1.8847122
99,Adu-Adjei,Daniel,Adu-Adjei,4,BOU,FWD,44,0,0,0,0,0,0,0,0.0,0.0,0.0,0.0,0.0,0.0,0,0.00052179984
100,Kroupi.Jr,Junior,Kroupi,4,BOU,FWD,46,346,4,0,1,10,0,150,156.8,55.9,186.0,39.7,1.5,3.3,33,4.257773
136,Thiago,Igor Thiago,Nascimento Rodrigues,5,BRE,FWD,67,1101,11,0,2,19,0,298,455.6,105.9,475.0,103.6,8.0,5.9,77,4.257773
137,Morgan,Iwan,Morgan,5,BRE,FWD,44,0,0,0,0,0,0,0,0.0,0.0,0.0,0.0,0.0,0.0,0,0.00052179984
178,Welbeck,Danny,Welbeck,6,BHA,FWD,66,863,7,0,3,14,0,234,264.8,123.9,237.0,62.2,4.5,4.2,55,4.257773
179,Ferguson,Evan,Ferguson,6,BHA,FWD,55,0,0,0,0,0,0,0,0.0,0.0,0.0,0.0,0.0,0.0,0,0.00052179984
180,Tzimas,Stefanos,Tzimas,6,BHA,FWD,53,109,1,1,0,2,0,55,66.6,61.2,44.0,17.2,1.8,1.9,15,3.1501951
181,Kostoulas,Charalampos,Kostoulas,6,BHA,FWD,48,29,1,0,0,1,0,39,37.2,0.9,44.0,8.2,0.5,2.0,8,2.1315353
249,João Pedro,João Pedro,Junqueira de Jesus,7,CHE,FWD,74,1058,4,3,6,9,0,252,278.2,235.9,330.0,84.0,4.5,4.7,61,5.6757154
250,Delap,Liam,Delap,7,CHE,FWD,62,255,0,0,2,2,0,30,13.0,10.4,76.0,9.4,1.2,1.5,9,1.9552705
251,N.Jackson,Nicolas,Jackson,7,CHE,FWD,65,0,0,0,0,0,0,0,0.0,0.0,0.0,0.0,0.0,0.0,0,0.00052179984
252,Marc Guiu,Marc,Guiu Paz,7,CHE,FWD,42,176,0,1,0,2,0,15,18.0,15.6,64.0,8.1,1.2,1.6,11,1.2461791
283,Mateta,Jean-Philippe,Mateta,8,CRY,FWD,81,1108,7,0,6,9,0,208,306.8,71.6,446.0,82.3,4.5,4.4,57,4.257773
284,Nketiah,Eddie,Nketiah,8,CRY,FWD,54,189,1,0,0,6,0,45,55.8,68.5,82.0,20.7,0.2,1.3,9,2.7511287
285,Édouard,Odsonne,Édouard,8,CRY,FWD,50,2,0,0,0,0,0,6,2.0,0.0,0.0,0.2,0.0,1.0,1,0.24921201
286,Marsh,Zach,Marsh,8,CRY,FWD,45,0,0,0,0,0,0,0,0.0,0.0,0.0,0.0,0.0,0.0,0,0.00052179984
732,Uche,Christantus,Uche,8,CRY,FWD,55,20,0,0,0,1,0,15,3.6,1.6,19.0,2.4,0.2,1.0,4,0.5105792
310,Barry,Thierno,Barry,9,EVE,FWD,57,546,0,0,3,8,0,15,18.6,54.2,84.0,14.1,1.5,1.2,16,0.5485505
311,Beto,Norberto Bercique,Gomes Betuncal,9,EVE,FWD,51,618,1,0,1,9,0,51,81.6,48.2,219.0,33.7,1.0,1.8,23,3.2184608
312,Y.Chermiti,Youssef,Ramalho Chermiti,9,EVE,FWD,49,0,0,0,0,0,0,0,0.0,0.0,0.0,0.0,0.0,0.0,0,0.00052179984
313,Sherif,Martin,Sherif,9,EVE,FWD,44,0,0,0,0,0,0,0,0.0,0.0,0.0,0.0,0.0,0.0,0,0.00052179984
337,Raúl,Raúl,Jiménez Rodríguez,10,FUL,FWD,62,629,2,2,2,6,0,123,121.6,73.7,220.0,40.9,3.2,2.7,32,5.665401
338,Muniz,Rodrigo,Muniz Carvalho,10,FUL,FWD,54,348,1,1,1,4,0,47,61.8,42.0,122.0,22.2,0.5,2.4,17,2.9439223
737,Kusi-Asare,Jonah,Kusi-Asare,10,FUL,FWD,45,1,0,0,0,0,0,2,0.0,0.0,0.0,0.0,0.0,1.0,1,0.24442963
362,Piroe,Joël,Piroe,11,LEE,FWD,50,188,0,0,1,5,0,16,5.6,18.5,81.0,10.2,0.5,1.2,7,0.5485505
363,Bamford,Patrick,Bamford,11,LEE,FWD,49,0,0,0,0,0,0,0,0.0,0.0,0.0,0.0,0.0,0.0,0,0.00052179984
364,Mateo Joseph,Mateo,Joseph Fernández-Regatillo,11,LEE,FWD,50,0,0,0,0,0,0,0,0.0,0.0,0.0,0.0,0.0,0.0,0,0.00052179984
365,Nmecha,Lukas,Nmecha,11,LEE,FWD,50,423,4,0,1,11,0,127,154.6,26.4,196.0,37.7,5.2,2.7,35,4.257773
691,Calvert-Lewin,Dominic,Calvert-Lewin,11,LEE,FWD,55,678,2,1,2,11,0,93,97.8,112.2,224.0,42.7,2.8,3.0,33,4.257773
741,Gray,Harry,Gray,11,LEE,FWD,45,0,0,0,0,0,0,0,0.0,0.0,0.0,0.0,0.0,0.0,0,0.00052179984
397,Darwin,Darwin,Núñez Ribeiro,12,LIV,FWD,65,0,0,0,0,0,0,0,0.0,0.0,0.0,0.0,0.0,0.0,0,0.00052179984
398,Danns,Jayden,Danns,12,LIV,FWD,43,0,0,0,0,0,0,0,0.0,0.0,0.0,0.0,0.0,0.0,0,0.00052179984
499,Isak,Alexander,Isak,12,LIV,FWD,104,384,1,1,1,5,0,57,61.2,33.1,109.0,19.7,2.2,3.2,19,3.1501951
661,Ekitiké,Hugo,Ekitiké,12,LIV,FWD,85,687,3,1,3,11,0,129,164.8,97.4,145.0,39.9,1.2,3.4,41,5.665401
430,Haaland,Erling,Haaland,13,MCI,FWD,149,1124,14,1,6,11,0,455,549.0,76.9,732.0,135.9,5.2,8.2,106,5.665401
465,Højlund,Rasmus,Højlund,14,MUN,FWD,63,0,0,0,0,0,0,0,0.0,0.0,0.0,0.0,0.0,0.0,0,0.00052179984
466,Zirkzee,Joshua,Zirkzee,14,MUN,FWD,58,262,1,0,0,6,0,54,70.6,65.4,121.0,25.5,2.8,2.5,15,3.1910968
467,Obi,Chido,Obi,14,MUN,FWD,43,0,0,0,0,0,0,0,0.0,0.0,0.0,0.0,0.0,0.0,0,0.00052179984
468,Wheatley,Ethan,Wheatley,14,MUN,FWD,45,0,0,0,0,0,0,0,0.0,0.0,0.0,0.0,0.0,0.0,0,0.00052179984
681,Šeško,Benjamin,Sesko,14,MUN,FWD,72,616,2,1,1,13,0,90,122.6,97.8,221.0,43.5,0.8,2.8,31,4.257773
135,Wissa,Yoane,Wissa,15,NEW,FWD,73,0,0,0,0,0,0,0,0.0,0.0,0.0,0.0,0.0,0.0,0,0.00052179984
500,Osula,William,Osula,15,NEW,FWD,54,213,1,1,1,4,0,60,41.2,14.2,68.0,12.1,0.2,1.8,18,3.1501951
501,Neave,Sean,Neave,15,NEW,FWD,44,0,0,0,0,0,0,0,0.0,0.0,0.0,0.0,0.0,0.0,0,0.00052179984
714,Woltemade,Nick,Woltemade,15,NEW,FWD,74,786,5,1,4,10,0,173,199.2,88.0,231.0,52.2,3.8,4.9,49,5.665401
525,Wood,Chris,Wood,16,NFO,FWD,72,538,2,0,1,8,0,85,77.6,49.6,179.0,29.8,0.0,3.1,25,4.257773
526,Igor Jesus,Igor Jesus,Maciel da Cruz,16,NFO,FWD,58,485,0,1,1,12,0,62,46.8,51.8,185.0,27.8,2.5,1.5,18,3.2674007
527,Awoniyi,Taiwo,Awoniyi,16,NFO,FWD,52,133,0,0,0,1,0,19,11.8,25.7,39.0,7.7,0.5,1.0,4,0.8246854
696,Kalimuendo,Arnaud,Kalimuendo,16,NFO,FWD,60,81,0,0,0,3,0,17,3.8,17.7,22.0,4.3,0.2,1.0,7,0.5485505
560,Isidor,Wilson,Isidor,17,SUN,FWD,56,795,4,0,4,10,0,152,139.8,19.9,259.0,41.8,2.0,3.5,45,4.257773
561,Mayenda,Eliezer,Mayenda Dossou,17,SUN,FWD,53,261,1,0,2,1,0,58,48.2,24.6,52.0,12.3,0.5,2.1,17,2.9439223
562,Abdullahi,Ahmed,Abdullahi,17,SUN,FWD,43,0,0,0,0,0,0,0,0.0,0.0,0.0,0.0,0.0,0.0,0,0.00052179984
563,Luís Hemir,Luís Hemir,Silva Semedo,17,SUN,FWD,44,0,0,0,0,0,0,0,0.0,0.0,0.0,0.0,0.0,0.0,0,0.00052179984
564,Rusyn,Nazarii,Rusyn,17,SUN,FWD,44,0,0,0,0,0,0,0,0.0,0.0,0.0,0.0,0.0,0.0,0,0.00052179984
730,Brobbey,Brian,Brobbey,17,SUN,FWD,55,159,2,1,0,2,0,84,101.2,11.5,59.0,17.3,3.2,2.5,20,4.257773
596,Solanke,Dominic,Solanke-Mitchell,18,TOT,FWD,72,31,0,0,0,0,0,10,6.0,0.3,25.0,3.1,0.0,1.0,2,0.4099111
597,Richarlison,Richarlison,de Andrade,18,TOT,FWD,64,780,5,2,2,13,0,213,236.2,78.1,274.0,58.8,3.5,3.9,51,5.6757154
598,Lankshear,Will,Lankshear,18,TOT,FWD,45,0,0,0,0,0,0,0,0.0,0.0,0.0,0.0,0.0,0.0,0,0.00052179984
599,Scarlett,Dane,Scarlett,18,TOT,FWD,43,0,0,0,0,0,0,0,0.0,0.0,0.0,0.0,0.0,0.0,0,0.00052179984
726,Kolo Muani,Randal,Kolo Muani,18,TOT,FWD,69,303,0,0,1,5,0,12,9.4,29.9,35.0,6.7,1.2,1.3,8,0.48056886
624,Bowen,Jarrod,Bowen,19,WHU,FWD,76,1170,3,1,1,27,0,230,239.2,201.5,298.0,74.0,2.5,4.0,52,5.665401
625,Füllkrug,Niclas,Füllkrug,19,WHU,FWD,56,407,0,0,1,11,0,28,26.0,85.1,130.0,23.8,0.5,1.5,12,1.686542
626,Marshall,Callum,Marshall,19,WHU,FWD,43,58,0,0,0,2,0,0,1.2,0.1,7.0,0.8,0.0,1.0,2,0.20540838
671,Wilson,Callum,Wilson,19,WHU,FWD,58,493,4,0,1,8,0,149,154.6,28.1,204.0,38.3,5.8,3.6,36,4.257773
654,Strand Larsen,Jørgen,Strand Larsen,20,WOL,FWD,63,887,1,0,2,19,0,63,74.4,78.7,199.0,35.0,2.0,2.3,25,3.8347797
655,Fábio Silva,Fábio,Soares Silva,20,WOL,FWD,49,0,0,0,0,0,0,0,0.0,0.0,0.0,0.0,0.0,0.0,0,0.00052179984
656,Kalajdžić,Saša,Kalajdžić,20,WOL,FWD,49,14,0,0,0,0,0,1,1.0,4.3,2.0,0.7,0.0,1.0,1,0.23856379
657,Chiwome,Leon,Chiwome,20,WOL,FWD,44,0,0,0,0,0,0,0,0.0,0.0,0.0,0.0,0.0,0.0,0,0.00052179984
658,Fraser,Nathan,Fraser,20,WOL,FWD,43,0,0,0,0,0,0,0,0.0,0.0,0.0,0.0,0.0,0.0,0,0.00052179984
720,Tolu,Tolu,Arokodare,20,WOL,FWD,55,275,0,0,0,9,0,32,26.6,29.8,75.0,12.9,0.8,1.2,11,1.8847122
749,Mané,Mateus,Mané,20,WOL,FWD,45,33,0,0,0,1,0,5,3.2,11.1,7.0,2.0,0.7,1.0,2,0.24921201
